Tweets-Retweet-Like-Comments,250
Tweets-Retweet-Like-Comments,260
Tweets-Retweet-Like-Comments,120
Tweets-Retweet-Like-Comments,135
Tweets-Retweet-Like-Comments,120
Tweets-Retweet-Like-Comments,192
Tweets-Retweet-Like-Comments,117
Tweets-Retweet-Like-Comments,196
Tweets-Retweet-Like-Comments,116
Tweets-Retweet-Like-Comments,126
Tweets-Retweet-Like-Comments,187
Tweets-Retweet-Like-Comments,113
Tweets-Retweet-Like-Comments,145
Tweets-Retweet-Like-Comments,146
Tweets-Retweet-Like-Comments,129
Tweets-Retweet-Like-Comments,191
Tweets-Retweet-Like-Comments,104
Tweets-Retweet-Like-Comments,176
Tweets-Retweet-Like-Comments,148
Tweets-Retweet-Like-Comments,192
Tweets-Retweet-Like-Comments,150
Tweets-Retweet-Like-Comments,131
Tweets-Retweet-Like-Comments,152
Tweets-Retweet-Like-Comments,176
Tweets-Retweet-Like-Comments,176
Tweets-Retweet-Like-Commentss,121
Tweets-Retweet-Like-Comments,139
Tweets-Retweet-Like-Comments,147
Tweets-Retweet-Like-Comments,148
Tweets-Retweet-Like-Comments,136
Tweets-Retweet-Like-Commentse,69
Tweets-Retweet-Like-Commentss,162


Tweets-Retweet-Like-Comments,61
Tweets-Retweet-Like-Commentst,80
Tweets-Retweet-Like-Comments,32
Tweets-Retweet-Like-Comments,58
Tweets-Retweet-Like-Commentss,11
Tweets-Retweet-Like-Comments,16
Tweets-Retweet-Like-Commentsg,12
Tweets-Retweet-Like-Commentst,26
Tweets-Retweet-Like-Comments,5
Tweets-Retweet-Like-Comments,46
Tweets-Retweet-Like-Comments,14
Tweets-Retweet-Like-Commentss,9
Tweets-Retweet-Like-Comments,2
Tweets-Retweet-Like-Comments,7
Tweets-Retweet-Like-Comments,17
Tweets-Retweet-Like-Comments,5
Tweets-Retweet-Like-Comments,13
Tweets-Retweet-Like-Comments,4
Tweets-Retweet-Like-Comments,4
Tweets-Retweet-Like-Comments,19
Tweets-Retweet-Like-Comments,5
Tweets-Retweet-Like-Comments,15
Tweets-Retweet-Like-Comments,14
Tweets-Retweet-Like-Comments,10
Tweets-Retweet-Like-Comments,1
Tweets-Retweet-Like-Comments,16
Tweets-Retweet-Like-Comments,2
Tweets-Retweet-Like-Comments,2
Tweets-Retweet-Like-Comments,6
Tweets-Retweet-Like-Comments,2
Tweets-Retweet-Like-Comments,143
Tweets-Retweet-Like-Comments,24
Tweets-Retweet-Like-Comments,9
Tweets-Retweet-Like-Comments,10
Tweets-Retweet-Like-Comments,2
Tweets-Retweet-Like-Comments,7
Tweets-Retweet-Like-Comments,76
Tweets-Retweet-Like-Comments,8
Tweets-Retweet-Like-Comments,8
Tweets-Retweet-Like-Comments,16
Comments-Tweets-Likes-Retweet-Tweets,7
Comments-Tweets-Likes-Retweet-Tweets,8
Comments-Tweets-Likes-Retweet-Tweets,1
Comments-Tweets-Likes-Retweet-Tweets,3
Comments-Tweets-Likes-Retweet-Tweets,6
Comments-Tweets-Likes-Retweet-Tweets,6
Comments-Tweets-Likes-Retweet-Tweets,4
Comments-Tweets-Likes-Retweet-Tweets,13
Comments-Tweets-Likes-Retweet-Tweets,20
Comments-Tweets-Likes-Retweet-Tweets,54
Comments-Tweets-Likes-Retweet-Tweets,1
Comments-Tweets-Likes-Retweet-Tweets,33
Comments-Tweets-Likes-Retweet-Tweets,4
Comments-Tweets-Likes-Retweet-Tweets,4
Comments-Tweets-Likes-Retweet-Tweets,1
Comments-Tweets-Likes-Retweet-Tweets,9
Comments-Tweets-Likes-Retweet-Tweets,5
Comments-Tweets-Likes-Retweet-Tweets,41
Comments-Tweets-Likes-Retweet-Tweets,19
Comments-Tweets-Likes-Retweet-Tweets,4
Comments-Tweets-Likes-Retweet-Tweets,13
Comments-Tweets-Likes-Retweet-Tweets,12
Comments-Tweets-Likes-Retweet-Tweets,3
Comments-Tweets-Likes-Retweet-Tweets,122
Comments-Tweets-Likes-Retweet-Tweets,30
Comments-Tweets-Likes-Retweet-Tweets,27
Comments-Tweets-Likes-Retweet-Tweets,12
Comments-Tweets-Likes-Retweet-Tweets,16
Comments-Tweets-Likes-Retweet-Tweets,39
Comments-Tweets-Likes-Retweet-Tweets,4
Comments-Tweets-Likes-Retweet-Tweets,56
Comments-Tweets-Likes-Retweet-Tweets,42
Comments-Tweets-Likes-Retweet-Tweets,52
Comments-Tweets-Likes-Retweet-Tweets,105
Comments-Tweets-Likes-Retweet-Tweets,80
Comments-Tweets-Likes-Retweet-Tweets,6
Comments-Tweets-Likes-Retweet-Tweets,29
Comments-Tweets-Likes-Retweet-Tweets,42
Comments-Tweets-Likes-Retweet-Tweets,27
Comments-Tweets-Likes-Retweet-Tweets,34

Comments-Tweets-Following-Following-Retweet-Retweet,69
Comments-Tweets-Following-Following-Retweet-Like,6
Comments-Tweets-Following-Following-Like-Comments,5
Comments-Tweets-Following-Following-Like-Followers,2
Comments-Tweets-Following-Following-Like-Retweet,5
Comments-Tweets-Following-Following-Like-Like,3
Comments-Tweets-Following-Retweet-Comments-Comments,37
Comments-Tweets-Following-Retweet-Comments-Followers,11
Comments-Tweets-Following-Retweet-Comments-Tweets,6
Comments-Tweets-Following-Retweet-Comments-Following,5
Comments-Tweets-Following-Retweet-Comments-Retweet,22
Comments-Tweets-Following-Retweet-Comments-Like,1
Comments-Tweets-Following-Retweet-Followers,147
Comments-Tweets-Following-Retweet-Tweets-Comments,8
Comments-Tweets-Following-Retweet-Tweets-Followers,12
Comments-Tweets-Following-Retweet-Tweets-Tweets,3
Comments-Tweets-Following-Retweet-Tweets-Following,8
Comments-Tweets-Following-Retweet-Tweets-Retweet,19
Comments-Tweets-Following-Retweet-Tweets-Like,4
Comments-Tweets-Following-Retweet-Following-Comments,5
Comments-Tweets-Following-Retweet-Following-Followers,3
Comments-Tweets-Following-Retweet-Following-Tweets,1
Comments-Tweets-Following-Retweet-Following-Following,11
Comments-Tweets-Following-Retweet-Following-Retweet,19
Comments-Tweets-Following-Retweet-Retweet-Comments,21
Comments-Tweets-Following-Retweet-Retweet-Followers,58
Comments-Tweets-Following-Retweet-Retweet-Tweets,25
Comments-Tweets-Following-Retweet-Retweet-Following,10
Comments-Tweets-Following-Retweet-Retweet-Retweet,154
Comments-Tweets-Following-Retweet-Retweet-Like,9
Comments-Tweets-Following-Retweet-Like-Comments,5
Comments-Tweets-Following-Retweet-Like-Retweet,14
Comments-Tweets-Following-Retweet-Like-Like,4
Comments-Tweets-Following-Like-Comments-Comments,4
Comments-Tweets-Following-Like-Comments-Retweet,4
Comments-Tweets-Following-Like-Comments-Like,1
Comments-Tweets-Following-Like-Followers,2
Comments-Tweets-Following-Like-Tweets-Retweet,1
Comments-Tweets-Following-Like-Retweet-Comments,3
Comments-Tweets-Following-Like-Retweet-Followers,6
Comments-Tweets-Following-Like-Retweet-Retweet,12
Comments-Tweets-Following-Like-Retweet-Like,1
Comments-Tweets-Following-Like-Like-Tweets,1
Comments-Tweets-Following-Like-Like-Retweet,3
Comments-Tweets-Following-Like-Like-Like,2
Comments-Tweets-Retweet-Comments-Comments-Comments,97
Comments-Tweets-Retweet-Comments-Comments-Followers,44
Comments-Tweets-Retweet-Comments-Comments-Tweets,59
Comments-Tweets-Retweet-Comments-Comments-Following,38
Comments-Tweets-Retweet-Comments-Comments-Retweet,62
Comments-Tweets-Retweet-Comments-Comments-Like,35
Comments-Tweets-Retweet-Comments-Followers,44
Comments-Tweets-Retweet-Comments-Tweets-Comments,108
Comments-Tweets-Retweet-Comments-Tweets-Followers,80
Comments-Tweets-Retweet-Comments-Tweets-Tweets,37
Comments-Tweets-Retweet-Comments-Tweets-Following,5
Comments-Tweets-Retweet-Comments-Tweets-Retweet,301
Comments-Tweets-Retweet-Comments-Tweets-Like,45
Comments-Tweets-Retweet-Comments-Following-Comments,11
Comments-Tweets-Retweet-Comments-Following-Followers,12
Comments-Tweets-Retweet-Comments-Following-Tweets,9
Comments-Tweets-Retweet-Comments-Following-Following,35
Comments-Tweets-Retweet-Comments-Following-Retweet,49
Comments-Tweets-Retweet-Comments-Retweet-Comments,82
Comments-Tweets-Retweet-Comments-Retweet-Followers,27
Comments-Tweets-Retweet-Comments-Retweet-Tweets,43
Comments-Tweets-Retweet-Comments-Retweet-Following,67
Comments-Tweets-Retweet-Comments-Retweet-Retweet,57
Comments-Tweets-Retweet-Comments-Retweet-Like,51
Comments-Tweets-Retweet-Comments-Like-Comments,37
Comments-Tweets-Retweet-Comments-Like-Followers,2
Comments-Tweets-Retweet-Comments-Like-Retweet,94
Comments-Tweets-Retweet-Comments-Like-Like,17
Comments-Tweets-Retweet-Followers,75



Comments-Tweets-Like-Tweets-Comments-Comments,8
Comments-Tweets-Like-Tweets-Comments-Followers,1
Comments-Tweets-Like-Tweets-Comments-Tweets,26
Comments-Tweets-Like-Tweets-Comments-Following,1
Comments-Tweets-Like-Tweets-Comments-Retweet,4
Comments-Tweets-Like-Tweets-Comments-Like,2
Comments-Tweets-Like-Tweets-Followers,26
Comments-Tweets-Like-Tweets-Tweets-Comments,4
Comments-Tweets-Like-Tweets-Tweets-Followers,2
Comments-Tweets-Like-Tweets-Tweets-Tweets,17
Comments-Tweets-Like-Tweets-Tweets-Following,2
Comments-Tweets-Like-Tweets-Tweets-Retweet,8
Comments-Tweets-Like-Tweets-Tweets-Like,3
Comments-Tweets-Like-Tweets-Following-Comments,1
Comments-Tweets-Like-Tweets-Following-Tweets,2
Comments-Tweets-Like-Tweets-Following-Following,1
Comments-Tweets-Like-Tweets-Retweet-Comments,4
Comments-Tweets-Like-Tweets-Retweet-Followers,10
Comments-Tweets-Like-Tweets-Retweet-Tweets,93
Comments-Tweets-Like-Tweets-Retweet-Retweet,19
Comments-Tweets-Like-Tweets-Retweet-Like,4
Comments-Tweets-Like-Tweets-Like-Comments,7
Comments-Tweets-Like-Tweets-Like-Followers,7
Comments-Tweets-Like-Tweets-Like-Tweets,23
Comments-Tweets-Like-Tweets-Like-Retweet,29
Comments-Tweets-Like-Tweets-Like-Like,7
Comments-Tweets-Like-Following-Followers,1
Comments-Tweets-Like-Following-Tweets-Retweet,1
Comments-Tweets-Like-Following-Tweets-Like,1
Comments-Tweets-Like-Following-Following-Followers,2
Comments-Tweets-Like-Following-Following-Following,3
Comments-Tweets-Like-Following-Following-Retweet,1
Comments-Tweets-Like-Following-Retweet-Comments,2
Comments-Tweets-Like-Following-Retweet-Followers,2
Comments-Tweets-Like-Following-Retweet-Following,3
Comments-Tweets-Like-Following-Retweet-Retweet,7
Comments-Tweets-Like-Following-Retweet-Like,1
Comments-Tweets-Like-Retweet-Comments-Comments,135
Comments-Tweets-Like-Retweet-Comments-Followers,33
Comments-Tweets-Like-Retweet-Comments-Tweets,33
Comments-Tweets-Like-Retweet-Comments-Following,9
Comments-Tweets-Like-Retweet-Comments-Retweet,110
Comments-Tweets-Like-Retweet-Comments-Like,29
Comments-Tweets-Like-Retweet-Followers,1372
Comments-Tweets-Like-Retweet-Tweets-Comments,21
Comments-Tweets-Like-Retweet-Tweets-Followers,74
Comments-Tweets-Like-Retweet-Tweets-Tweets,32
Comments-Tweets-Like-Retweet-Tweets-Following,7
Comments-Tweets-Like-Retweet-Tweets-Retweet,107
Comments-Tweets-Like-Retweet-Tweets-Like,132
Comments-Tweets-Like-Retweet-Following-Comments,1
Comments-Tweets-Like-Retweet-Following-Followers,6
Comments-Tweets-Like-Retweet-Following-Tweets,1
Comments-Tweets-Like-Retweet-Following-Following,12
Comments-Tweets-Like-Retweet-Following-Retweet,11
Comments-Tweets-Like-Retweet-Retweet-Comments,28
Comments-Tweets-Like-Retweet-Retweet-Followers,85
Comments-Tweets-Like-Retweet-Retweet-Tweets,55
Comments-Tweets-Like-Retweet-Retweet-Following,10
Comments-Tweets-Like-Retweet-Retweet-Retweet,50
Comments-Tweets-Like-Retweet-Retweet-Like,97
Comments-Tweets-Like-Retweet-Like-Comments,26
Comments-Tweets-Like-Retweet-Like-Followers,39
Comments-Tweets-Like-Retweet-Like-Tweets,17
Comments-Tweets-Like-Retweet-Like-Following,4
Comments-Tweets-Like-Retweet-Like-Retweet,648
Comments-Tweets-Like-Retweet-Like-Like,147
Comments-Tweets-Like-Like-Comments-Comments,79
Comments-Tweets-Like-Like-Comments-Followers,13
Comments-Tweets-Like-Like-Comments-Tweets,4
Comments-Tweets-Like-Like-Comments-Following,3
Comments-Tweets-Like-Like-Comments-Retweet,50
Comments-Tweets-Like-Like-Comments-Like,20
Comments-Tweets-Like-Like-Followers,100
Comments-Tweets-Like-Like-Tweets-Comments,3
Comments-Tweets-Like-Like-Tweets-Followers,6
Comments-Tweets-Like-Like-Tweets-Tweets,6
Comments-Tweets-Like-Like-Tweets-Retweet,10
Comments-Tweets-Like-Like-Tweets-Like,15
Comments-Tweets-Like-Like-Following-Following,2
Comments-Tweets-Like-Like-Following-Retweet,2
Comments-Tweets-Like-Like-Retweet-Comments,67
Comments-Tweets-Like-Like-Retweet-Followers,03
Comments-Tweets-Like-Like-Retweet-Tweets,55
Comments-Tweets-Like-Like-Retweet-Following,5
Comments-Tweets-Like-Like-Retweet-Retweet,414
Comments-Tweets-Like-Like-Retweet-Like,57
Comments-Tweets-Like-Like-Like-Comments,44
Comments-Tweets-Like-Like-Like-Followers,27
Comments-Tweets-Like-Like-Like-Tweets,13
Comments-Tweets-Like-Like-Like-Following,5
Comments-Tweets-Like-Like-Like-Retweet,21
Comments-Tweets-Like-Like-Like-Like,18

Following-Followers-Comments-Like-Tweets,32
Following-Followers-Comments-Like-Tweets,17
Following-Followers-Comments-Like-Tweets,27
Following-Followers-Comments-Like-Tweets,11
Following-Followers-Comments-Like-Tweets,21
Following-Followers-Comments-Like-Tweets,32
Following-Followers-Comments-Like-Tweets,35
Following-Followers-Comments-Like-Tweets,17
Following-Followers-Comments-Like-Tweets,15
Following-Followers-Comments-Like-Tweets,14
Following-Followers-Comments-Like-Tweets,10
Following-Followers-Comments-Like-Tweets,31
Following-Followers-Comments-Like-Tweets,10
Following-Followers-Comments-Like-Tweets,84
Following-Followers-Comments-Like-Tweets,40
Following-Followers-Comments-Like-Tweets,6
Following-Followers-Comments-Like-Tweets,98
Following-Followers-Comments-Like-Tweets,59
Following-Followers-Comments-Like-Tweets,3
Following-Followers-Comments-Like-Tweets,21
Following-Followers-Comments-Like-Tweets,13
Following-Followers-Comments-Like-Tweets,22
Following-Followers-Comments-Like-Tweets,38
Following-Followers-Comments-Like-Tweets,50
Following-Followers-Comments-Like-Tweets,29
Following-Followers-Comments-Like-Tweets,30
Following-Followers-Comments-Like-Tweets,5
Following-Followers-Comments-Like-Tweets,1
Following-Followers-Comments-Like-Tweets,31
Following-Followers-Comments-Like-Tweets,11
Following-Followers-Comments-Like-Tweets,10
Following-Followers-Comments-Like-Tweets,18
Following-Followers-Comments-Like-Tweets,5
Following-Followers-Comments-Like-Tweets,4
Following-Followers-Comments-Like-Tweets,3
Following-Followers-Comments-Like-Tweets,14
Following-Followers-Comments-Like-Tweets,2
Following-Followers-Comments-Like-Tweets,41
Following-Followers-Comments-Like-Tweets,7
Following-Followers-Comments-Like-Tweets,2
Following-Followers-Comments-Like-Tweets,2
Following-Followers-Comments-Like-Tweets,7
Following-Followers-Comments-Like-Tweets,9
Following-Followers-Comments-Like-Tweets,7
Following-Followers-Comments-Like-Tweets,3
Following-Followers-Comments-Like-Tweets,8
Following-Followers-Comments-Like-Tweets,1
Following-Followers-Comments-Like-Tweets,25
Following-Followers-Comments-Like-Tweets,23
Following-Followers-Comments-Like-Tweets,8
Following-Followers-Comments-Like-Tweets,6
Following-Followers-Comments-Like-Tweets,30
Following-Followers-Comments-Like-Tweets,5
Following-Followers-Comments-Like-Tweets,6
Following-Followers-Comments-Like-Tweets,1
Following-Followers-Comments-Like-Tweets,2
Following-Followers-Comments-Like-Tweets,12
Following-Followers-Comments-Like-Tweets,4
Following-Followers-Comments-Like-Tweets,99
Following-Followers-Comments-Like-Tweets,26
Following-Followers-Comments-Like-Tweets,5
Following-Followers-Comments-Like-Tweets,98
Following-Followers-Comments-Like-Tweets,40
Following-Followers-Comments-Like-Tweets,11
Following-Followers-Comments-Like-Tweets,163
Following-Followers-Comments-Like-Tweets,3
Following-Followers-Comments-Like-Tweets,12
Following-Followers-Comments-Like-Tweets,7
Following-Followers-Comments-Like-Tweets,7
Following-Followers-Comments-Like-Tweets,8
Following-Followers-Comments-Like-Tweets,1
Following-Followers-Comments-Like-Tweets,81
Following-Followers-Comments-Like-Tweets,80
Following-Followers-Comments-Like-Tweets,14
Following-Followers-Comments-Like-Tweets,32
Following-Followers-Comments-Like-Tweets,57
Following-Followers-Comments-Like-Tweets,5
Following-Followers-Comments-Like-Tweets,46
Following-Followers-Comments-Like-Tweets,71
Following-Followers-Comments-Like-Tweets,4
Following-Followers-Comments-Like-Tweets,31
Following-Followers-Comments-Like-Tweets,16
Following-Followers-Comments-Like-Tweets,8
Following-Followers-Comments-Like-Tweets,2
Following-Followers-Comments-Like-Tweets,2
Following-Followers-Comments-Like-Tweets,2
Following-Followers-Comments-Like-Tweets,11
Following-Followers-Comments-Like-Tweets,7
Following-Followers-Comments-Like-Tweets,13
Following-Followers-Comments-Like-Tweets,43
Following-Followers-Comments-Like-Tweets,8
Following-Followers-Comments-Like-Tweets,46
Following-Followers-Comments-Like-Tweets,44
Following-Followers-Comments-Like-Tweets,16
Following-Followers-Comments-Like-Tweets,31

Comments-Following-Comments-Retweet-Tweets-Comments,7
Comments-Following-Comments-Retweet-Tweets-Followers,7
Comments-Following-Comments-Retweet-Tweets-Tweets,5
Comments-Following-Comments-Retweet-Tweets-Following,3
Comments-Following-Comments-Retweet-Tweets-Retweet,25
Comments-Following-Comments-Retweet-Tweets-Like,8
Comments-Following-Comments-Retweet-Following-Comments,19
Comments-Following-Comments-Retweet-Following-Followers,12
Comments-Following-Comments-Retweet-Following-Tweets,5
Comments-Following-Comments-Retweet-Following-Following,36
Comments-Following-Comments-Retweet-Following-Retweet,18
Comments-Following-Comments-Retweet-Following-Like,1
Comments-Following-Comments-Retweet-Retweet-Comments,10
Comments-Following-Comments-Retweet-Retweet-Followers,97
Comments-Following-Comments-Retweet-Retweet-Tweets,11
Comments-Following-Comments-Retweet-Retweet-Following,23
Comments-Following-Comments-Retweet-Retweet-Retweet,24
Comments-Following-Comments-Retweet-Retweet-Like,22
Comments-Following-Comments-Retweet-Like-Comments,12
Comments-Following-Comments-Retweet-Like-Followers,2
Comments-Following-Comments-Retweet-Like-Retweet,25
Comments-Following-Comments-Retweet-Like-Like,6
Comments-Following-Comments-Like-Comments-Comments,33
Comments-Following-Comments-Like-Comments-Followers,8
Comments-Following-Comments-Like-Comments-Tweets,1
Comments-Following-Comments-Like-Comments-Following,1
Comments-Following-Comments-Like-Comments-Retweet,28
Comments-Following-Comments-Like-Comments-Like,4
Comments-Following-Comments-Like-Followers,11
Comments-Following-Comments-Like-Tweets-Retweet,1
Comments-Following-Comments-Like-Tweets-Like,1
Comments-Following-Comments-Like-Following-Followers,1
Comments-Following-Comments-Like-Following-Following,2
Comments-Following-Comments-Like-Retweet-Comments,16
Comments-Following-Comments-Like-Retweet-Followers,18
Comments-Following-Comments-Like-Retweet-Tweets,5
Comments-Following-Comments-Like-Retweet-Following,4
Comments-Following-Comments-Like-Retweet-Retweet,77
Comments-Following-Comments-Like-Retweet-Like,22
Comments-Following-Comments-Like-Like-Comments,7
Comments-Following-Comments-Like-Like-Followers,4
Comments-Following-Comments-Like-Like-Retweet,18
Comments-Following-Comments-Like-Like-Like,8
Comments-Following-Followers,157

Comments-Following-Tweets-Comments-Comments-Comments,62
Comments-Following-Tweets-Comments-Comments-Followers,12
Comments-Following-Tweets-Comments-Comments-Tweets,17
Comments-Following-Tweets-Comments-Comments-Following,11
Comments-Following-Tweets-Comments-Comments-Retweet,33
Comments-Following-Tweets-Comments-Comments-Like,5
Comments-Following-Tweets-Comments-Followers,37
Comments-Following-Tweets-Comments-Tweets-Comments,7
Comments-Following-Tweets-Comments-Tweets-Followers,4
Comments-Following-Tweets-Comments-Tweets-Tweets,3
Comments-Following-Tweets-Comments-Tweets-Following,6
Comments-Following-Tweets-Comments-Tweets-Retweet,11
Comments-Following-Tweets-Comments-Tweets-Like,2
Comments-Following-Tweets-Comments-Following-Comments,3
Comments-Following-Tweets-Comments-Following-Followers,2
Comments-Following-Tweets-Comments-Following-Tweets,11
Comments-Following-Tweets-Comments-Following-Following,7
Comments-Following-Tweets-Comments-Following-Retweet,3
Comments-Following-Tweets-Comments-Retweet-Comments,22
Comments-Following-Tweets-Comments-Retweet-Followers,18
Comments-Following-Tweets-Comments-Retweet-Tweets,9
Comments-Following-Tweets-Comments-Retweet-Following,6
Comments-Following-Tweets-Comments-Retweet-Retweet,16
Comments-Following-Tweets-Comments-Retweet-Like,4
Comments-Following-Tweets-Comments-Like-Comments,3
Comments-Following-Tweets-Comments-Like-Tweets,1
Comments-Following-Tweets-Comments-Like-Retweet,5
Comments-Following-Tweets-Comments-Like-Like,3
Comments-Following-Tweets-Followers,478
Comments-Following-Tweets-Tweets-Comments-Comments,22
Comments-Following-Tweets-Tweets-Comments-Followers,3
Comments-Following-Tweets-Tweets-Comments-Tweets,1
Comments-Following-Tweets-Tweets-Comments-Following,8
Comments-Following-Tweets-Tweets-Comments-Retweet,5
Comments-Following-Tweets-Tweets-Comments-Like,1
Comments-Following-Tweets-Tweets-Followers,24
Comments-Following-Tweets-Tweets-Tweets-Comments,3
Comments-Following-Tweets-Tweets-Tweets-Followers,6
Comments-Following-Tweets-Tweets-Tweets-Tweets,6
Comments-Following-Tweets-Tweets-Tweets-Following,5
Comments-Following-Tweets-Tweets-Tweets-Retweet,6
Comments-Following-Tweets-Tweets-Tweets-Like,2
Comments-Following-Tweets-Tweets-Following-Comments,19
Comments-Following-Tweets-Tweets-Following-Followers,9
Comments-Following-Tweets-Tweets-Following-Tweets,2
Comments-Following-Tweets-Tweets-Following-Following,17
Comments-Following-Tweets-Tweets-Following-Retweet,12
Comments-Following-Tweets-Tweets-Following-Like,2
Comments-Following-Tweets-Tweets-Retweet-Comments,11
Comments-Following-Tweets-Tweets-Retweet-Followers,7
Comments-Following-Tweets-Tweets-Retweet-Tweets,10
Comments-Following-Tweets-Tweets-Retweet-Following,1
Comments-Following-Tweets-Tweets-Retweet-Retweet,11
Comments-Following-Tweets-Tweets-Retweet-Like,1
Comments-Following-Tweets-Tweets-Like-Comments,4
Comments-Following-Tweets-Tweets-Like-Followers,1
Comments-Following-Tweets-Tweets-Like-Tweets,1
Comments-Following-Tweets-Tweets-Like-Retweet,10
Comments-Following-Tweets-Tweets-Like-Like,5
Comments-Following-Tweets-Following-Comments-Comments,9
Comments-Following-Tweets-Following-Comments-Followers,6
Comments-Following-Tweets-Following-Comments-Tweets,2
Comments-Following-Tweets-Following-Comments-Following,2
Comments-Following-Tweets-Following-Comments-Retweet,2
Comments-Following-Tweets-Following-Followers,15
Comments-Following-Tweets-Following-Tweets-Comments,3
Comments-Following-Tweets-Following-Tweets-Followers,6
Comments-Following-Tweets-Following-Tweets-Tweets,2
Comments-Following-Tweets-Following-Tweets-Following,2
Comments-Following-Tweets-Following-Tweets-Retweet,3
Comments-Following-Tweets-Following-Following-Comments,2
Comments-Following-Tweets-Following-Following-Followers,7
Comments-Following-Tweets-Following-Following-Tweets,4
Comments-Following-Tweets-Following-Following-Following,18
Comments-Following-Tweets-Following-Following-Retweet,10
Comments-Following-Tweets-Following-Retweet-Comments,5
Comments-Following-Tweets-Following-Retweet-Followers,9
Comments-Following-Tweets-Following-Retweet-Tweets,3
Comments-Following-Tweets-Following-Retweet-Following,1
Comments-Following-Tweets-Following-Retweet-Retweet,9
Comments-Following-Tweets-Following-Like-Comments,2
Comments-Following-Tweets-Following-Like-Followers,1
Comments-Following-Tweets-Retweet-Comments-Comments,70
Comments-Following-Tweets-Retweet-Comments-Followers,12
Comments-Following-Tweets-Retweet-Comments-Tweets,20
Comments-Following-Tweets-Retweet-Comments-Following,15
Comments-Following-Tweets-Retweet-Comments-Retweet,48
Comments-Following-Tweets-Retweet-Comments-Like,8
Comments-Following-Tweets-Retweet-Followers,227
Comments-Following-Tweets-Retweet-Tweets-Comments,20
Comments-Following-Tweets-Retweet-Tweets-Followers,35
Comments-Following-Tweets-Retweet-Tweets-Tweets,9
Comments-Following-Tweets-Retweet-Tweets-Following,9
Comments-Following-Tweets-Retweet-Tweets-Retweet,80
Comments-Following-Tweets-Retweet-Tweets-Like,10
Comments-Following-Tweets-Retweet-Following-Comments,10
Comments-Following-Tweets-Retweet-Following-Followers,3
Comments-Following-Tweets-Retweet-Following-Tweets,6
Comments-Following-Tweets-Retweet-Following-Following,11
Comments-Following-Tweets-Retweet-Following-Retweet,5
Comments-Following-Tweets-Retweet-Following-Like,1
Comments-Following-Tweets-Retweet-Retweet-Comments,50
Comments-Following-Tweets-Retweet-Retweet-Followers,69
Comments-Following-Tweets-Retweet-Retweet-Tweets,34
Comments-Following-Tweets-Retweet-Retweet-Following,13
Comments-Following-Tweets-Retweet-Retweet-Retweet,145
Comments-Following-Tweets-Retweet-Retweet-Like,24
Comments-Following-Tweets-Retweet-Like-Comments,7
Comments-Following-Tweets-Retweet-Like-Followers,4
Comments-Following-Tweets-Retweet-Like-Retweet,29
Comments-Following-Tweets-Retweet-Like-Like,8
Comments-Following-Tweets-Like-Comments-Comments,14
Comments-Following-Tweets-Like-Comments-Followers,5
Comments-Following-Tweets-Like-Comments-Tweets,2
Comments-Following-Tweets-Like-Comments-Following,3
Comments-Following-Tweets-Like-Comments-Retweet,7
Comments-Following-Tweets-Like-Followers,5


Tweets-Comments-Tweets-Comments-Comments-Comments,148
Tweets-Comments-Tweets-Comments-Comments-Followers,117
Tweets-Comments-Tweets-Comments-Comments-Tweets,211
Tweets-Comments-Tweets-Comments-Comments-Following,175
Tweets-Comments-Tweets-Comments-Comments-Retweet,189
Tweets-Comments-Tweets-Comments-Comments-Like,141
Tweets-Comments-Tweets-Comments-Followers,106
Tweets-Comments-Tweets-Comments-Tweets-Comments,106
Tweets-Comments-Tweets-Comments-Tweets-Followers,143
Tweets-Comments-Tweets-Comments-Tweets-Tweets,117
Tweets-Comments-Tweets-Comments-Tweets-Following,80
Tweets-Comments-Tweets-Comments-Tweets-Retweet,84
Tweets-Comments-Tweets-Comments-Tweets-Like,87
Tweets-Comments-Tweets-Comments-Following-Comments,51
Tweets-Comments-Tweets-Comments-Following-Followers,33
Tweets-Comments-Tweets-Comments-Following-Tweets,47
Tweets-Comments-Tweets-Comments-Following-Following,233
Tweets-Comments-Tweets-Comments-Following-Retweet,219
Tweets-Comments-Tweets-Comments-Following-Like,11
Tweets-Comments-Tweets-Comments-Retweet-Comments,743
Tweets-Comments-Tweets-Comments-Retweet-Followers,70
Tweets-Comments-Tweets-Comments-Retweet-Tweets,121
Tweets-Comments-Tweets-Comments-Retweet-Following,62
Tweets-Comments-Tweets-Comments-Retweet-Retweet,165
Tweets-Comments-Tweets-Comments-Retweet-Like,171
Tweets-Comments-Tweets-Comments-Like-Comments,149
Tweets-Comments-Tweets-Comments-Like-Followers,10
Tweets-Comments-Tweets-Comments-Like-Tweets,10
Tweets-Comments-Tweets-Comments-Like-Following,3
Tweets-Comments-Tweets-Comments-Like-Retweet,202
Tweets-Comments-Tweets-Comments-Like-Like,77
Tweets-Comments-Tweets-Followers,217
Tweets-Comments-Tweets-Tweets-Comments-Comments,81
Tweets-Comments-Tweets-Tweets-Comments-Followers,133
Tweets-Comments-Tweets-Tweets-Comments-Tweets,72
Tweets-Comments-Tweets-Tweets-Comments-Following,91
Tweets-Comments-Tweets-Tweets-Comments-Retweet,136
Tweets-Comments-Tweets-Tweets-Comments-Like,52
Tweets-Comments-Tweets-Tweets-Followers,151
Tweets-Comments-Tweets-Tweets-Tweets-Comments,101
Tweets-Comments-Tweets-Tweets-Tweets-Followers,153
Tweets-Comments-Tweets-Tweets-Tweets-Tweets,187
Tweets-Comments-Tweets-Tweets-Tweets-Following,56
Tweets-Comments-Tweets-Tweets-Tweets-Retweet,142
Tweets-Comments-Tweets-Tweets-Tweets-Like,159
Tweets-Comments-Tweets-Tweets-Following-Comments,58
Tweets-Comments-Tweets-Tweets-Following-Followers,18
Tweets-Comments-Tweets-Tweets-Following-Tweets,38
Tweets-Comments-Tweets-Tweets-Following-Following,169
Tweets-Comments-Tweets-Tweets-Following-Retweet,98
Tweets-Comments-Tweets-Tweets-Following-Like,8
Tweets-Comments-Tweets-Tweets-Retweet-Comments,196
Tweets-Comments-Tweets-Tweets-Retweet-Followers,222
Tweets-Comments-Tweets-Tweets-Retweet-Tweets,151
Tweets-Comments-Tweets-Tweets-Retweet-Following,28
Tweets-Comments-Tweets-Tweets-Retweet-Retweet,771
Tweets-Comments-Tweets-Tweets-Retweet-Like,100
Tweets-Comments-Tweets-Tweets-Like-Comments,171
Tweets-Comments-Tweets-Tweets-Like-Followers,32
Tweets-Comments-Tweets-Tweets-Like-Tweets,39
Tweets-Comments-Tweets-Tweets-Like-Following,1
Tweets-Comments-Tweets-Tweets-Like-Retweet,175
Tweets-Comments-Tweets-Tweets-Like-Like,154
Tweets-Comments-Tweets-Following-Comments-Comments,89
Tweets-Comments-Tweets-Following-Comments-Followers,24
Tweets-Comments-Tweets-Following-Comments-Tweets,43
Tweets-Comments-Tweets-Following-Comments-Following,27
Tweets-Comments-Tweets-Following-Comments-Retweet,50
Tweets-Comments-Tweets-Following-Comments-Like,4
Tweets-Comments-Tweets-Following-Followers,141
Tweets-Comments-Tweets-Following-Tweets-Comments,40
Tweets-Comments-Tweets-Following-Tweets-Followers,64
Tweets-Comments-Tweets-Following-Tweets-Tweets,41
Tweets-Comments-Tweets-Following-Tweets-Following,27
Tweets-Comments-Tweets-Following-Tweets-Retweet,88
Tweets-Comments-Tweets-Following-Tweets-Like,21
Tweets-Comments-Tweets-Following-Following-Comments,110
Tweets-Comments-Tweets-Following-Following-Followers,133
Tweets-Comments-Tweets-Following-Following-Tweets,162
Tweets-Comments-Tweets-Following-Following-Following,325
Tweets-Comments-Tweets-Following-Following-Retweet,244
Tweets-Comments-Tweets-Following-Following-Like,14
Tweets-Comments-Tweets-Following-Retweet-Comments,68
Tweets-Comments-Tweets-Following-Retweet-Followers,138
Tweets-Comments-Tweets-Following-Retweet-Tweets,71
Tweets-Comments-Tweets-Following-Retweet-Following,46
Tweets-Comments-Tweets-Following-Retweet-Retweet,302
Tweets-Comments-Tweets-Following-Retweet-Like,40
Tweets-Comments-Tweets-Following-Like-Comments,9
Tweets-Comments-Tweets-Following-Like-Retweet,34
Tweets-Comments-Tweets-Following-Like-Like,8
Tweets-Comments-Tweets-Retweet-Comments-Comments,112
Tweets-Comments-Tweets-Retweet-Comments-Followers,196
Tweets-Comments-Tweets-Retweet-Comments-Tweets,78
Tweets-Comments-Tweets-Retweet-Comments-Following,92
Tweets-Comments-Tweets-Retweet-Comments-Retweet,68
Tweets-Comments-Tweets-Retweet-Comments-Like,64
Tweets-Comments-Tweets-Retweet-Followers,120
Tweets-Comments-Tweets-Retweet-Tweets-Comments,229
Tweets-Comments-Tweets-Retweet-Tweets-Followers,267
Tweets-Comments-Tweets-Retweet-Tweets-Tweets,133
Tweets-Comments-Tweets-Retweet-Tweets-Following,126
Tweets-Comments-Tweets-Retweet-Tweets-Retweet,171
Tweets-Comments-Tweets-Retweet-Tweets-Like,126
Tweets-Comments-Tweets-Retweet-Following-Comments,23
Tweets-Comments-Tweets-Retweet-Following-Followers,24
Tweets-Comments-Tweets-Retweet-Following-Tweets,29
Tweets-Comments-Tweets-Retweet-Following-Following,74
Tweets-Comments-Tweets-Retweet-Following-Retweet,97
Tweets-Comments-Tweets-Retweet-Following-Like,8
Tweets-Comments-Tweets-Retweet-Retweet-Comments,147
Tweets-Comments-Tweets-Retweet-Retweet-Followers,159
Tweets-Comments-Tweets-Retweet-Retweet-Tweets,156
Tweets-Comments-Tweets-Retweet-Retweet-Following,67
Tweets-Comments-Tweets-Retweet-Retweet-Retweet,170
Tweets-Comments-Tweets-Retweet-Retweet-Like,246
Tweets-Comments-Tweets-Retweet-Like-Comments,196
Tweets-Comments-Tweets-Retweet-Like-Followers,28
Tweets-Comments-Tweets-Retweet-Like-Tweets,31
Tweets-Comments-Tweets-Retweet-Like-Following,2
Tweets-Comments-Tweets-Retweet-Like-Retweet,812
Tweets-Comments-Tweets-Retweet-Like-Like,193
Tweets-Comments-Tweets-Like-Comments-Comments,234
Tweets-Comments-Tweets-Like-Comments-Followers,155
Tweets-Comments-Tweets-Like-Comments-Tweets,170
Tweets-Comments-Tweets-Like-Comments-Following,48
Tweets-Comments-Tweets-Like-Comments-Retweet,67
Tweets-Comments-Tweets-Like-Comments-Like,116
Tweets-Comments-Tweets-Like-Followers,108
Tweets-Comments-Tweets-Like-Tweets-Comments,38
Tweets-Comments-Tweets-Like-Tweets-Followers,30
Tweets-Comments-Tweets-Like-Tweets-Tweets,28
Tweets-Comments-Tweets-Like-Tweets-Following,4
Tweets-Comments-Tweets-Like-Tweets-Retweet,62
Tweets-Comments-Tweets-Like-Tweets-Like,72
Tweets-Comments-Tweets-Like-Following-Comments,2
Tweets-Comments-Tweets-Like-Following-Followers,3
Tweets-Comments-Tweets-Like-Following-Tweets,3
Tweets-Comments-Tweets-Like-Following-Following,8
Tweets-Comments-Tweets-Like-Following-Retweet,13
Tweets-Comments-Tweets-Like-Following-Like,4
Tweets-Comments-Tweets-Like-Retweet-Comments,344
Tweets-Comments-Tweets-Like-Retweet-Followers,1421
Tweets-Comments-Tweets-Like-Retweet-Tweets,541
Tweets-Comments-Tweets-Like-Retweet-Following,37
Tweets-Comments-Tweets-Like-Retweet-Retweet,2944
Tweets-Comments-Tweets-Like-Retweet-Like,1063
Tweets-Comments-Tweets-Like-Like-Comments,167
Tweets-Comments-Tweets-Like-Like-Followers,70
Tweets-Comments-Tweets-Like-Like-Tweets,57
Tweets-Comments-Tweets-Like-Like-Following,7
Tweets-Comments-Tweets-Like-Like-Retweet,102
Tweets-Comments-Tweets-Like-Like-Like,230
Tweets-Comments-Following-Comments-Comments-Comments,170
Tweets-Comments-Following-Comments-Comments-Followers,180
Tweets-Comments-Following-Comments-Comments-Tweets,164
Tweets-Comments-Following-Comments-Comments-Following,169
Tweets-Comments-Following-Comments-Comments-Retweet,193
Tweets-Comments-Following-Comments-Comments-Like,51
Tweets-Comments-Following-Comments-Followers,242
Tweets-Comments-Following-Comments-Tweets-Comments,96
Tweets-Comments-Following-Comments-Tweets-Followers,55
Tweets-Comments-Following-Comments-Tweets-Tweets,54
Tweets-Comments-Following-Comments-Tweets-Following,18
Tweets-Comments-Following-Comments-Tweets-Retweet,153
Tweets-Comments-Following-Comments-Tweets-Like,37
Tweets-Comments-Following-Comments-Following-Comments,158
Tweets-Comments-Following-Comments-Following-Followers,59
Tweets-Comments-Following-Comments-Following-Tweets,62
Tweets-Comments-Following-Comments-Following-Following,211
Tweets-Comments-Following-Comments-Following-Retweet,153
Tweets-Comments-Following-Comments-Following-Like,23
Tweets-Comments-Following-Comments-Retweet-Comments,276
Tweets-Comments-Following-Comments-Retweet-Followers,273
Tweets-Comments-Following-Comments-Retweet-Tweets,130
Tweets-Comments-Following-Comments-Retweet-Following,49
Tweets-Comments-Following-Comments-Retweet-Retweet,479
Tweets-Comments-Following-Comments-Retweet-Like,44
Tweets-Comments-Following-Comments-Like-Comments,56
Tweets-Comments-Following-Comments-Like-Followers,3
Tweets-Comments-Following-Comments-Like-Tweets,4
Tweets-Comments-Following-Comments-Like-Retweet,71
Tweets-Comments-Following-Comments-Like-Like,28
Tweets-Comments-Following-Followers,73

Tweets-Comments-Following-Tweets-Comments-Comments,180
Tweets-Comments-Following-Tweets-Comments-Followers,60
Tweets-Comments-Following-Tweets-Comments-Tweets,55
Tweets-Comments-Following-Tweets-Comments-Following,73
Tweets-Comments-Following-Tweets-Comments-Retweet,35
Tweets-Comments-Following-Tweets-Comments-Like,15
Tweets-Comments-Following-Tweets-Followers,40
Tweets-Comments-Following-Tweets-Tweets-Comments,68
Tweets-Comments-Following-Tweets-Tweets-Followers,60
Tweets-Comments-Following-Tweets-Tweets-Tweets,61
Tweets-Comments-Following-Tweets-Tweets-Following,52
Tweets-Comments-Following-Tweets-Tweets-Retweet,80
Tweets-Comments-Following-Tweets-Tweets-Like,32
Tweets-Comments-Following-Tweets-Following-Comments,27
Tweets-Comments-Following-Tweets-Following-Followers,21
Tweets-Comments-Following-Tweets-Following-Tweets,26
Tweets-Comments-Following-Tweets-Following,87
Tweets-Comments-Following-Tweets-Following-Retweet,45
Tweets-Comments-Following-Tweets-Following-Like,3
Tweets-Comments-Following-Tweets-Retweet-Comments,145
Tweets-Comments-Following-Tweets-Retweet-Followers,35
Tweets-Comments-Following-Tweets-Retweet-Tweets,56
Tweets-Comments-Following-Tweets-Retweet-Following,20
Tweets-Comments-Following-Tweets-Retweet-Retweet,49
Tweets-Comments-Following-Tweets-Retweet-Like,51
Tweets-Comments-Following-Tweets-Like-Comments,64
Tweets-Comments-Following-Tweets-Like-Followers,9
Tweets-Comments-Following-Tweets-Like-Tweets,7
Tweets-Comments-Following-Tweets-Like-Following,1
Tweets-Comments-Following-Tweets-Like-Retweet,139
Tweets-Comments-Following-Tweets-Like-Like,71
Tweets-Comments-Following-Following-Comments-Comments,93
Tweets-Comments-Following-Following-Comments-Followers,97
Tweets-Comments-Following-Following-Comments-Tweets,17
Tweets-Comments-Following-Following-Comments-Following,66
Tweets-Comments-Following-Following-Comments-Retweet,68
Tweets-Comments-Following-Following-Comments-Like,69
Tweets-Comments-Following-Following-Followers,46
Tweets-Comments-Following-Following-Tweets-Comments,33
Tweets-Comments-Following-Following-Tweets-Followers,45
Tweets-Comments-Following-Following-Tweets-Tweets,60
Tweets-Comments-Following-Following-Tweets-Following,42
Tweets-Comments-Following-Following-Tweets-Retweet,75
Tweets-Comments-Following-Following-Tweets-Like,54
Tweets-Comments-Following-Following-Following-Comments,126
Tweets-Comments-Following-Following-Following-Followers,97
Tweets-Comments-Following-Following-Following-Tweets,78
Tweets-Comments-Following-Following-Following-Following,116
Tweets-Comments-Following-Following-Following-Retweet,76
Tweets-Comments-Following-Following-Following-Like,37
Tweets-Comments-Following-Following-Retweet-Comments,67
Tweets-Comments-Following-Following-Retweet-Followers,171
Tweets-Comments-Following-Following-Retweet-Tweets,84
Tweets-Comments-Following-Following-Retweet-Following,44
Tweets-Comments-Following-Following-Retweet-Retweet,42
Tweets-Comments-Following-Following-Retweet-Like,28
Tweets-Comments-Following-Following-Like-Comments,25
Tweets-Comments-Following-Following-Like-Followers,34
Tweets-Comments-Following-Following-Like-Tweets,15
Tweets-Comments-Following-Following-Like-Following,16
Tweets-Comments-Following-Following-Like-Retweet,31
Tweets-Comments-Following-Following-Like-Like,96
Tweets-Comments-Following-Retweet-Comments-Comments,56
Tweets-Comments-Following-Retweet-Comments-Followers,34
Tweets-Comments-Following-Retweet-Comments-Tweets,78
Tweets-Comments-Following-Retweet-Comments-Following,57
Tweets-Comments-Following-Retweet-Comments-Retweet,40
Tweets-Comments-Following-Retweet-Comments-Like,28
Tweets-Comments-Following-Retweet-Followers,40
Tweets-Comments-Following-Retweet-Tweets-Comments,62
Tweets-Comments-Following-Retweet-Tweets-Followers,26
Tweets-Comments-Following-Retweet-Tweets-Tweets,11
Tweets-Comments-Following-Retweet-Tweets-Following,87
Tweets-Comments-Following-Retweet-Tweets-Retweet,55
Tweets-Comments-Following-Retweet-Tweets-Like,82
Tweets-Comments-Following-Retweet-Following-Comments,43
Tweets-Comments-Following-Retweet-Following-Followers,79
Tweets-Comments-Following-Retweet-Following-Tweets,56
Tweets-Comments-Following-Retweet-Following-Following,41
Tweets-Comments-Following-Retweet-Following-Retweet,58
Tweets-Comments-Following-Retweet-Following-Like,24
Tweets-Comments-Following-Retweet-Retweet-Comments,50
Tweets-Comments-Following-Retweet-Retweet-Followers,50
Tweets-Comments-Following-Retweet-Retweet-Tweets,65
Tweets-Comments-Following-Retweet-Retweet-Following,21
Tweets-Comments-Following-Retweet-Retweet-Retweet,44
Tweets-Comments-Following-Retweet-Retweet-Like,80
Tweets-Comments-Following-Retweet-Like-Comments,85
Tweets-Comments-Following-Retweet-Like-Followers,22
Tweets-Comments-Following-Retweet-Like-Tweets,7
Tweets-Comments-Following-Retweet-Like-Following,4
Tweets-Comments-Following-Retweet-Like-Retweet,47
Tweets-Comments-Following-Retweet-Like-Like,25
Tweets-Comments-Following-Like-Comments-Comments,86
Tweets-Comments-Following-Like-Comments-Followers,10
Tweets-Comments-Following-Like-Comments-Tweets,12
Tweets-Comments-Following-Like-Comments-Following,13
Tweets-Comments-Following-Like-Comments-Retweet,103
Tweets-Comments-Following-Like-Comments-Like,22
Tweets-Comments-Following-Like-Followers,32
Tweets-Comments-Following-Like-Tweets-Comments,2
Tweets-Comments-Following-Like-Tweets-Followers,3
Tweets-Comments-Following-Like-Tweets-Tweets,1
Tweets-Comments-Following-Like-Tweets-Retweet,3
Tweets-Comments-Following-Like-Tweets-Like,3
Tweets-Comments-Following-Like-Following-Following,4
Tweets-Comments-Following-Like-Following-Retweet,7
Tweets-Comments-Following-Like-Following-Like,1
Tweets-Comments-Following-Like-Retweet-Comments,64
Tweets-Comments-Following-Like-Retweet-Followers,54
Tweets-Comments-Following-Like-Retweet-Tweets,48
Tweets-Comments-Following-Like-Retweet-Following,15
Tweets-Comments-Following-Like-Retweet-Retweet,36
Tweets-Comments-Following-Like-Retweet-Like,12
Tweets-Comments-Following-Like-Like-Comments,22
Tweets-Comments-Following-Like-Like-Followers,8
Tweets-Comments-Following-Like-Like-Tweets,5
Tweets-Comments-Following-Like-Like-Following,3
Tweets-Comments-Following-Like-Like-Retweet,23
Tweets-Comments-Following-Like-Like-Like,52
Tweets-Comments-Retweet-Comments-Comments-Comments,57
Tweets-Comments-Retweet-Comments-Comments-Followers,33
Tweets-Comments-Retweet-Comments-Comments-Tweets,90
Tweets-Comments-Retweet-Comments-Comments-Following,50
Tweets-Comments-Retweet-Comments-Comments-Retweet,63
Tweets-Comments-Retweet-Comments-Comments-Like,55
Tweets-Comments-Retweet-Comments-Followers,48
Tweets-Comments-Retweet-Comments-Tweets-Comments,88
Tweets-Comments-Retweet-Comments-Tweets-Followers,75
Tweets-Comments-Retweet-Comments-Tweets-Tweets,68
Tweets-Comments-Retweet-Comments-Tweets-Following,80
Tweets-Comments-Retweet-Comments-Tweets-Retweet,67
Tweets-Comments-Retweet-Comments-Tweets-Like,46
Tweets-Comments-Retweet-Comments-Following-Comments,92
Tweets-Comments-Retweet-Comments-Following-Followers,22
Tweets-Comments-Retweet-Comments-Following-Tweets,73
Tweets-Comments-Retweet-Comments-Following-Following,66
Tweets-Comments-Retweet-Comments-Following-Retweet,38
Tweets-Comments-Retweet-Comments-Following-Like,36
Tweets-Comments-Retweet-Comments-Retweet-Comments,27
Tweets-Comments-Retweet-Comments-Retweet-Followers,49
Tweets-Comments-Retweet-Comments-Retweet-Tweets,2377
Tweets-Comments-Retweet-Comments-Retweet-Following,355
Tweets-Comments-Retweet-Comments-Retweet-Retweet,230
Tweets-Comments-Retweet-Comments-Retweet-Like,196
Tweets-Comments-Retweet-Comments-Like-Comments,436
Tweets-Comments-Retweet-Comments-Like-Followers,32
Tweets-Comments-Retweet-Comments-Like-Tweets,16
Tweets-Comments-Retweet-Comments-Like-Following,2
Tweets-Comments-Retweet-Comments-Like-Retweet,662
Tweets-Comments-Retweet-Comments-Like-Like,208
Tweets-Comments-Retweet-Followers,139
Tweets-Comments-Retweet-Tweets-Comments-Comments,24
Tweets-Comments-Retweet-Tweets-Comments-Followers,96
Tweets-Comments-Retweet-Tweets-Comments-Tweets,66
Tweets-Comments-Retweet-Tweets-Comments-Following,23
Tweets-Comments-Retweet-Tweets-Comments-Retweet,72
Tweets-Comments-Retweet-Tweets-Comments-Like,99
Tweets-Comments-Retweet-Tweets-Followers,62
Tweets-Comments-Retweet-Tweets-Tweets-Comments494
Tweets-Comments-Retweet-Tweets-Tweets-Followers,71
Tweets-Comments-Retweet-Tweets-Tweets-Tweets,26
Tweets-Comments-Retweet-Tweets-Tweets-Following,14
Tweets-Comments-Retweet-Tweets-Tweets-Retweet,18
Tweets-Comments-Retweet-Tweets-Tweets-Like,42
Tweets-Comments-Retweet-Tweets-Following-Comments,35
Tweets-Comments-Retweet-Tweets-Following-Followers,83
Tweets-Comments-Retweet-Tweets-Following-Tweets,18
Tweets-Comments-Retweet-Tweets-Following-Following,34
Tweets-Comments-Retweet-Tweets-Following-Retweet,31
Tweets-Comments-Retweet-Tweets-Following-Like,14
Tweets-Comments-Retweet-Tweets-Retweet-Comments,13
Tweets-Comments-Retweet-Tweets-Retweet-Followers,411
Tweets-Comments-Retweet-Tweets-Retweet-Tweets,26
Tweets-Comments-Retweet-Tweets-Retweet-Following,10
Tweets-Comments-Retweet-Tweets-Retweet-Retweet,75
Tweets-Comments-Retweet-Tweets-Retweet-Like,45
Tweets-Comments-Retweet-Tweets-Like-Comments,92
Tweets-Comments-Retweet-Tweets-Like-Followers,23
Tweets-Comments-Retweet-Tweets-Like-Tweets,95
Tweets-Comments-Retweet-Tweets-Like-Following,8
Tweets-Comments-Retweet-Tweets-Like-Retweet,64
Tweets-Comments-Retweet-Tweets-Like-Like,9
Tweets-Comments-Retweet-Following-Comments-Comments,21
Tweets-Comments-Retweet-Following-Comments-Followers,85
Tweets-Comments-Retweet-Following-Comments-Tweets,51
Tweets-Comments-Retweet-Following-Comments-Following,66
Tweets-Comments-Retweet-Following-Comments-Retweet,89
Tweets-Comments-Retweet-Following-Comments-Like,21
Tweets-Comments-Retweet-Following-Followers,539
Tweets-Comments-Retweet-Following-Tweets-Comments,107
Tweets-Comments-Retweet-Following-Tweets-Followers,77
Tweets-Comments-Retweet-Following-Tweets-Tweets,44
Tweets-Comments-Retweet-Following-Tweets-Following,18
Tweets-Comments-Retweet-Following-Tweets-Retweet,46
Tweets-Comments-Retweet-Following-Tweets-Like,45
Tweets-Comments-Retweet-Following-Following-Comments,22
Tweets-Comments-Retweet-Following-Following-Followers,92
Tweets-Comments-Retweet-Following-Following-Tweets,54
Tweets-Comments-Retweet-Following-Following-Following,81
Tweets-Comments-Retweet-Following-Following-Retweet,75
Tweets-Comments-Retweet-Following-Following-Like,66
Tweets-Comments-Retweet-Following-Retweet-Comments,21
Tweets-Comments-Retweet-Following-Retweet-Followers,43
Tweets-Comments-Retweet-Following-Retweet-Tweets,43
Tweets-Comments-Retweet-Following-Retweet-Following,13
Tweets-Comments-Retweet-Following-Retweet-Retweet,64
Tweets-Comments-Retweet-Following-Retweet-Like,84
Tweets-Comments-Retweet-Following-Like-Comments,24
Tweets-Comments-Retweet-Following-Like-Followers,6
Tweets-Comments-Retweet-Following-Like-Following,1
Tweets-Comments-Retweet-Following-Like-Retweet,70
Tweets-Comments-Retweet-Following-Like-Like,20
Tweets-Comments-Retweet-Retweet-Comments-Comments,39
Tweets-Comments-Retweet-Retweet-Comments-Followers,36
Tweets-Comments-Retweet-Retweet-Comments-Tweets,81
Tweets-Comments-Retweet-Retweet-Comments-Following,39
Tweets-Comments-Retweet-Retweet-Comments-Retweet,73
Tweets-Comments-Retweet-Retweet-Comments-Like,36
Tweets-Comments-Retweet-Retweet-Followers,23
Tweets-Comments-Retweet-Retweet-Tweets-Comments,48
Tweets-Comments-Retweet-Retweet-Tweets-Followers,52
Tweets-Comments-Retweet-Retweet-Tweets-Tweets,16
Tweets-Comments-Retweet-Retweet-Tweets-Following,34
Tweets-Comments-Retweet-Retweet-Tweets-Retweet,30
Tweets-Comments-Retweet-Retweet-Tweets-Like,37
Tweets-Comments-Retweet-Retweet-Following-Comments,55
Tweets-Comments-Retweet-Retweet-Following-Followers,27
Tweets-Comments-Retweet-Retweet-Following-Tweets,74
Tweets-Comments-Retweet-Retweet-Following-Following,59
Tweets-Comments-Retweet-Retweet-Following-Retweet,67
Tweets-Comments-Retweet-Retweet-Following-Like,39
Tweets-Comments-Retweet-Retweet-Retweet-Comments,64
Tweets-Comments-Retweet-Retweet-Retweet-Followers,57
Tweets-Comments-Retweet-Retweet-Retweet-Tweets,58
Tweets-Comments-Retweet-Retweet-Retweet-Following,61
Tweets-Comments-Retweet-Retweet-Retweet-Retweet,29
Tweets-Comments-Retweet-Retweet-Retweet-Like,39
Tweets-Comments-Retweet-Retweet-Like-Comments,16
Tweets-Comments-Retweet-Retweet-Like-Followers,185
Tweets-Comments-Retweet-Retweet-Like-Tweets,91
Tweets-Comments-Retweet-Retweet-Like-Following,16
Tweets-Comments-Retweet-Retweet-Like-Retweet,58
Tweets-Comments-Retweet-Retweet-Like-Like,24
Tweets-Comments-Retweet-Like-Comments-Comments,52
Tweets-Comments-Retweet-Like-Comments-Followers,30
Tweets-Comments-Retweet-Like-Comments-Tweets,99
Tweets-Comments-Retweet-Like-Comments-Following,80
Tweets-Comments-Retweet-Like-Comments-Retweet,102
Tweets-Comments-Retweet-Like-Comments-Like,281
Tweets-Comments-Retweet-Like-Followers,65
Tweets-Comments-Retweet-Like-Tweets-Comments,27
Tweets-Comments-Retweet-Like-Tweets-Followers,17
Tweets-Comments-Retweet-Like-Tweets-Tweets,19
Tweets-Comments-Retweet-Like-Tweets-Following,3
Tweets-Comments-Retweet-Like-Tweets-Retweet,61
Tweets-Comments-Retweet-Like-Tweets-Like,49
Tweets-Comments-Retweet-Like-Following-Followers,2
Tweets-Comments-Retweet-Like-Following-Following,9
Tweets-Comments-Retweet-Like-Following-Retweet,5
Tweets-Comments-Retweet-Like-Following-Like,3
Tweets-Comments-Retweet-Like-Retweet-Comments,73
Tweets-Comments-Retweet-Like-Retweet-Followers,22
Tweets-Comments-Retweet-Like-Retweet-Tweets,98
Tweets-Comments-Retweet-Like-Retweet-Following,63
Tweets-Comments-Retweet-Like-Retweet-Retweet,457
Tweets-Comments-Retweet-Like-Retweet-Like,64
Tweets-Comments-Retweet-Like-Like-Comments,32
Tweets-Comments-Retweet-Like-Like-Followers,18
Tweets-Comments-Retweet-Like-Like-Tweets,46
Tweets-Comments-Retweet-Like-Like-Following,6
Tweets-Comments-Retweet-Like-Like-Retweet,61
Tweets-Comments-Retweet-Like-Like-Like,33



Tweets-Tweets-Tweets-Comments-Comments-Comments,33
Tweets-Tweets-Tweets-Comments-Comments-Followers,54
Tweets-Tweets-Tweets-Comments-Comments-Tweets,60
Tweets-Tweets-Tweets-Comments-Comments-Following,18
Tweets-Tweets-Tweets-Comments-Comments-Retweet,30
Tweets-Tweets-Tweets-Comments-Comments-Like,22
Tweets-Tweets-Tweets-Comments-Followers,55
Tweets-Tweets-Tweets-Comments-Tweets-Comments,89
Tweets-Tweets-Tweets-Comments-Tweets-Followers,503
Tweets-Tweets-Tweets-Comments-Tweets-Tweets,72
Tweets-Tweets-Tweets-Comments-Tweets-Following,64
Tweets-Tweets-Tweets-Comments-Tweets-Retweet,61
Tweets-Tweets-Tweets-Comments-Tweets-Like,80
Tweets-Tweets-Tweets-Comments-Following-Comments,48
Tweets-Tweets-Tweets-Comments-Following-Followers,76
Tweets-Tweets-Tweets-Comments-Following-Tweets,17
Tweets-Tweets-Tweets-Comments-Following-Following,83
Tweets-Tweets-Tweets-Comments-Following-Retweet,42
Tweets-Tweets-Tweets-Comments-Following-Like,33
Tweets-Tweets-Tweets-Comments-Retweet-Comments,115
Tweets-Tweets-Tweets-Comments-Retweet-Followers,37
Tweets-Tweets-Tweets-Comments-Retweet-Tweets,82
Tweets-Tweets-Tweets-Comments-Retweet-Following,18
Tweets-Tweets-Tweets-Comments-Retweet-Retweet,29
Tweets-Tweets-Tweets-Comments-Retweet-Like,35
Tweets-Tweets-Tweets-Comments-Like-Comments,79
Tweets-Tweets-Tweets-Comments-Like-Followers,14
Tweets-Tweets-Tweets-Comments-Like-Tweets,23
Tweets-Tweets-Tweets-Comments-Like-Following,4
Tweets-Tweets-Tweets-Comments-Like-Retweet,35
Tweets-Tweets-Tweets-Comments-Like-Like,117
Tweets-Tweets-Tweets-Followers,63


Following-Comments-Comments-Comments-Comments-Comments,10
Following-Comments-Comments-Comments-Comments-Followers,19
Following-Comments-Comments-Comments-Comments-Tweets,58
Following-Comments-Comments-Comments-Comments-Following,16
Following-Comments-Comments-Comments-Comments-Retweet,33
Following-Comments-Comments-Comments-Comments-Like,40
Following-Comments-Comments-Comments-Followers,40
Following-Comments-Comments-Comments-Tweets-Comments,15
Following-Comments-Comments-Comments-Tweets-Followers,28
Following-Comments-Comments-Comments-Tweets-Tweets,9
Following-Comments-Comments-Comments-Tweets-Following,12
Following-Comments-Comments-Comments-Tweets-Retweet,36
Following-Comments-Comments-Comments-Tweets-Like,12
Following-Comments-Comments-Comments-Following-Comments,81
Following-Comments-Comments-Comments-Following-Followers,73
Following-Comments-Comments-Comments-Following-Tweets,16
Following-Comments-Comments-Comments-Following-Following,43
Following-Comments-Comments-Comments-Following-Retweet,19
Following-Comments-Comments-Comments-Following-Like,12
Following-Comments-Comments-Comments-Retweet-Comments,17
Following-Comments-Comments-Comments-Retweet-Followers,18
Following-Comments-Comments-Comments-Retweet-Tweets,29
Following-Comments-Comments-Comments-Retweet-Following,75
Following-Comments-Comments-Comments-Retweet-Retweet,31
Following-Comments-Comments-Comments-Retweet-Like,32
Following-Comments-Comments-Comments-Like-Comments,23
Following-Comments-Comments-Comments-Like-Followers,2
Following-Comments-Comments-Comments-Like-Tweets,1
Following-Comments-Comments-Comments-Like-Following,4
Following-Comments-Comments-Comments-Like-Retweet,30
Following-Comments-Comments-Comments-Like-Like,17
Following-Comments-Comments-Followers,28
Following-Comments-Comments-Tweets-Comments-Comments,27
Following-Comments-Comments-Tweets-Comments-Followers,5
Following-Comments-Comments-Tweets-Comments-Tweets,6
Following-Comments-Comments-Tweets-Comments-Following,3
Following-Comments-Comments-Tweets-Comments-Retweet,14
Following-Comments-Comments-Tweets-Comments-Like,1
Following-Comments-Comments-Tweets-Followers,74
Following-Comments-Comments-Tweets-Tweets-Comments,5
Following-Comments-Comments-Tweets-Tweets-Followers,7
Following-Comments-Comments-Tweets-Tweets-Tweets,5
Following-Comments-Comments-Tweets-Tweets-Following,6
Following-Comments-Comments-Tweets-Tweets-Retweet,10
Following-Comments-Comments-Tweets-Tweets-Like,3
Following-Comments-Comments-Tweets-Following-Comments,3
Following-Comments-Comments-Tweets-Following-Followers,4
Following-Comments-Comments-Tweets-Following-Tweets,4
Following-Comments-Comments-Tweets-Following-Following,9
Following-Comments-Comments-Tweets-Following-Retweet,9
Following-Comments-Comments-Tweets-Retweet-Comments,19
Following-Comments-Comments-Tweets-Retweet-Followers,22
Following-Comments-Comments-Tweets-Retweet-Tweets,19
Following-Comments-Comments-Tweets-Retweet-Following,6
Following-Comments-Comments-Tweets-Retweet-Retweet,41
Following-Comments-Comments-Tweets-Retweet-Like,5
Following-Comments-Comments-Tweets-Like-Comments,6
Following-Comments-Comments-Tweets-Like-Followers,1
Following-Comments-Comments-Tweets-Like-Tweets,1
Following-Comments-Comments-Tweets-Like-Retweet,9
Following-Comments-Comments-Tweets-Like-Like,2
Following-Comments-Comments-Following-Comments-Comments,66
Following-Comments-Comments-Following-Comments-Followers,9
Following-Comments-Comments-Following-Comments-Tweets,8
Following-Comments-Comments-Following-Comments-Following,22
Following-Comments-Comments-Following-Comments-Retweet,25
Following-Comments-Comments-Following-Comments-Like,3
Following-Comments-Comments-Following-Followers,166
Following-Comments-Comments-Following-Tweets-Comments,4
Following-Comments-Comments-Following-Tweets-Followers,8
Following-Comments-Comments-Following-Tweets-Tweets,5
Following-Comments-Comments-Following-Tweets-Following,5
Following-Comments-Comments-Following-Tweets-Retweet,6
Following-Comments-Comments-Following-Tweets-Like,5
Following-Comments-Comments-Following-Following-Comments,47
Following-Comments-Comments-Following-Following-Followers,56
Following-Comments-Comments-Following-Following-Tweets,12
Following-Comments-Comments-Following-Following-Following,114
Following-Comments-Comments-Following-Following-Retweet,65
Following-Comments-Comments-Following-Following-Like,11
Following-Comments-Comments-Following-Retweet-Comments,32
Following-Comments-Comments-Following-Retweet-Followers,66
Following-Comments-Comments-Following-Retweet-Tweets,3
Following-Comments-Comments-Following-Retweet-Following,35
Following-Comments-Comments-Following-Retweet-Retweet,17
Following-Comments-Comments-Following-Retweet-Like,10
Following-Comments-Comments-Following-Like-Comments,8
Following-Comments-Comments-Following-Like-Followers,1
Following-Comments-Comments-Following-Like-Retweet,11
Following-Comments-Comments-Following-Like-Like,2
Following-Comments-Comments-Retweet-Comments-Comments,27
Following-Comments-Comments-Retweet-Comments-Followers,49
Following-Comments-Comments-Retweet-Comments-Tweets,9
Following-Comments-Comments-Retweet-Comments-Following,34
Following-Comments-Comments-Retweet-Comments-Retweet,12
Following-Comments-Comments-Retweet-Comments-Like,6
Following-Comments-Comments-Retweet-Followers,66
Following-Comments-Comments-Retweet-Tweets-Comments,18
Following-Comments-Comments-Retweet-Tweets-Followers,25
Following-Comments-Comments-Retweet-Tweets-Tweets,9
Following-Comments-Comments-Retweet-Tweets-Following,14
Following-Comments-Comments-Retweet-Tweets-Retweet,52
Following-Comments-Comments-Retweet-Tweets-Like,10
Following-Comments-Comments-Retweet-Following-Comments,49
Following-Comments-Comments-Retweet-Following-Followers,42
Following-Comments-Comments-Retweet-Following-Tweets,10
Following-Comments-Comments-Retweet-Following-Following,89
Following-Comments-Comments-Retweet-Following-Retweet,11
Following-Comments-Comments-Retweet-Following-Like,16
Following-Comments-Comments-Retweet-Retweet-Comments,34
Following-Comments-Comments-Retweet-Retweet-Followers,29
Following-Comments-Comments-Retweet-Retweet-Tweets,32
Following-Comments-Comments-Retweet-Retweet-Following,97
Following-Comments-Comments-Retweet-Retweet-Retweet,56
Following-Comments-Comments-Retweet-Retweet-Like,38
Following-Comments-Comments-Retweet-Like-Comments,21
Following-Comments-Comments-Retweet-Like-Tweets,1
Following-Comments-Comments-Retweet-Like-Following,2
Following-Comments-Comments-Retweet-Like-Retweet,50
Following-Comments-Comments-Retweet-Like-Like,15
Following-Comments-Comments-Like-Comments-Comments,27
Following-Comments-Comments-Like-Comments-Followers,8
Following-Comments-Comments-Like-Comments-Tweets,2
Following-Comments-Comments-Like-Comments-Following,3
Following-Comments-Comments-Like-Comments-Retweet,8
Following-Comments-Comments-Like-Comments-Like,7
Following-Comments-Comments-Like-Followers,11
Following-Comments-Comments-Like-Tweets-Followers,2
Following-Comments-Comments-Like-Tweets-Tweets,1
Following-Comments-Comments-Like-Tweets-Like,2
Following-Comments-Comments-Like-Following-Like,1
Following-Comments-Comments-Like-Retweet-Comments,18
Following-Comments-Comments-Like-Retweet-Followers,13
Following-Comments-Comments-Like-Retweet-Tweets,1
Following-Comments-Comments-Like-Retweet-Following,4
Following-Comments-Comments-Like-Retweet-Retweet,33
Following-Comments-Comments-Like-Retweet-Like,22
Following-Comments-Comments-Like-Like-Comments,5
Following-Comments-Comments-Like-Like-Followers,3
Following-Comments-Comments-Like-Like-Tweets,1
Following-Comments-Comments-Like-Like-Retweet,17
Following-Comments-Comments-Like-Like-Like,12
Following-Comments-Followers,37

Following-Comments-Tweets-Comments-Comments-Comments,21
Following-Comments-Tweets-Comments-Comments-Followers,4
Following-Comments-Tweets-Comments-Comments-Tweets,2
Following-Comments-Tweets-Comments-Comments-Following,3
Following-Comments-Tweets-Comments-Comments-Retweet,16
Following-Comments-Tweets-Comments-Comments-Like,2
Following-Comments-Tweets-Comments-Followers,14
Following-Comments-Tweets-Comments-Tweets-Comments,4
Following-Comments-Tweets-Comments-Tweets-Followers,3
Following-Comments-Tweets-Comments-Tweets-Tweets,2
Following-Comments-Tweets-Comments-Tweets-Following,1
Following-Comments-Tweets-Comments-Tweets-Retweet,4
Following-Comments-Tweets-Comments-Tweets-Like,1
Following-Comments-Tweets-Comments-Following-Tweets,1
Following-Comments-Tweets-Comments-Following-Following,4
Following-Comments-Tweets-Comments-Following-Retweet,2
Following-Comments-Tweets-Comments-Retweet-Comments,3
Following-Comments-Tweets-Comments-Retweet-Followers,6
Following-Comments-Tweets-Comments-Retweet-Tweets,2
Following-Comments-Tweets-Comments-Retweet-Following,2
Following-Comments-Tweets-Comments-Retweet-Retweet,8
Following-Comments-Tweets-Comments-Like-Comments,1
Following-Comments-Tweets-Comments-Like-Retweet,2
Following-Comments-Tweets-Comments-Like-Like,1
Following-Comments-Tweets-Followers,38
Following-Comments-Tweets-Tweets-Comments-Comments,3
Following-Comments-Tweets-Tweets-Comments-Following,3
Following-Comments-Tweets-Tweets-Comments-Retweet,4
Following-Comments-Tweets-Tweets-Followers,16
Following-Comments-Tweets-Tweets-Tweets-Followers,1
Following-Comments-Tweets-Tweets-Tweets-Tweets,2
Following-Comments-Tweets-Tweets-Tweets-Following,1
Following-Comments-Tweets-Tweets-Tweets-Retweet,2
Following-Comments-Tweets-Tweets-Tweets-Like,1
Following-Comments-Tweets-Tweets-Following-Comments,5
Following-Comments-Tweets-Tweets-Following-Tweets,1
Following-Comments-Tweets-Tweets-Following-Following,8
Following-Comments-Tweets-Tweets-Following-Retweet,3
Following-Comments-Tweets-Tweets-Following-Like,1
Following-Comments-Tweets-Tweets-Retweet-Comments,4
Following-Comments-Tweets-Tweets-Retweet-Followers,3
Following-Comments-Tweets-Tweets-Retweet-Tweets,4
Following-Comments-Tweets-Tweets-Retweet-Following,1
Following-Comments-Tweets-Tweets-Retweet-Retweet,13
Following-Comments-Tweets-Tweets-Retweet-Like,1
Following-Comments-Tweets-Tweets-Like-Comments,4
Following-Comments-Tweets-Tweets-Like-Followers,1
Following-Comments-Tweets-Tweets-Like-Retweet,4
Following-Comments-Tweets-Tweets-Like-Like,1
Following-Comments-Tweets-Following-Comments-Comments,5
Following-Comments-Tweets-Following-Comments-Followers,1
Following-Comments-Tweets-Following-Comments-Tweets,2
Following-Comments-Tweets-Following-Comments-Following,6
Following-Comments-Tweets-Following-Comments-Retweet,4
Following-Comments-Tweets-Following-Followers,15
Following-Comments-Tweets-Following-Tweets-Comments,5
Following-Comments-Tweets-Following-Tweets-Followers,3
Following-Comments-Tweets-Following-Tweets-Retweet,1
Following-Comments-Tweets-Following-Following-Comments,5
Following-Comments-Tweets-Following-Following-Followers,5
Following-Comments-Tweets-Following-Following-Tweets,3
Following-Comments-Tweets-Following-Following-Following,11
Following-Comments-Tweets-Following-Following-Retweet,8
Following-Comments-Tweets-Following-Retweet-Comments,1
Following-Comments-Tweets-Following-Retweet-Followers,3
Following-Comments-Tweets-Following-Retweet-Tweets,3
Following-Comments-Tweets-Following-Retweet-Following,3
Following-Comments-Tweets-Following-Retweet-Retweet,5
Following-Comments-Tweets-Following-Retweet-Like,1
Following-Comments-Tweets-Following-Like-Retweet,2
Following-Comments-Tweets-Retweet-Comments-Comments,20
Following-Comments-Tweets-Retweet-Comments-Followers,5
Following-Comments-Tweets-Retweet-Comments-Tweets,6
Following-Comments-Tweets-Retweet-Comments-Following,2
Following-Comments-Tweets-Retweet-Comments-Retweet,18
Following-Comments-Tweets-Retweet-Comments-Like,1
Following-Comments-Tweets-Retweet-Followers,75
Following-Comments-Tweets-Retweet-Tweets-Comments,7
Following-Comments-Tweets-Retweet-Tweets-Followers,15
Following-Comments-Tweets-Retweet-Tweets-Tweets,7
Following-Comments-Tweets-Retweet-Tweets-Following,6
Following-Comments-Tweets-Retweet-Tweets-Retweet,30
Following-Comments-Tweets-Retweet-Tweets-Like,2
Following-Comments-Tweets-Retweet-Following-Comments,6
Following-Comments-Tweets-Retweet-Following-Followers,4
Following-Comments-Tweets-Retweet-Following-Tweets,3
Following-Comments-Tweets-Retweet-Following-Following,8
Following-Comments-Tweets-Retweet-Following-Retweet,9
Following-Comments-Tweets-Retweet-Retweet-Comments,10
Following-Comments-Tweets-Retweet-Retweet-Followers,30
Following-Comments-Tweets-Retweet-Retweet-Tweets,17
Following-Comments-Tweets-Retweet-Retweet-Following,2
Following-Comments-Tweets-Retweet-Retweet-Retweet,60
Following-Comments-Tweets-Retweet-Retweet-Like,2
Following-Comments-Tweets-Retweet-Like-Comments,3
Following-Comments-Tweets-Retweet-Like-Retweet,12
Following-Comments-Tweets-Retweet-Like-Like,4
Following-Comments-Tweets-Like-Comments-Comments,4
Following-Comments-Tweets-Like-Comments-Followers,1
Following-Comments-Tweets-Like-Comments-Retweet,5
Following-Comments-Tweets-Like-Comments-Like,1
Following-Comments-Tweets-Like-Followers,3
Following-Comments-Tweets-Like-Tweets-Comments,1
Following-Comments-Tweets-Like-Tweets-Followers,1
Following-Comments-Tweets-Like-Tweets-Tweets,1
Following-Comments-Tweets-Like-Tweets-Retweet,1
Following-Comments-Tweets-Like-Tweets-Like,1
Following-Comments-Tweets-Like-Retweet-Comments,4
Following-Comments-Tweets-Like-Retweet-Followers,24
Following-Comments-Tweets-Like-Retweet-Tweets,5
Following-Comments-Tweets-Like-Retweet-Following,2
Following-Comments-Tweets-Like-Retweet-Retweet,24
Following-Comments-Tweets-Like-Retweet-Like,10
Following-Comments-Tweets-Like-Like-Comments,3
Following-Comments-Tweets-Like-Like-Followers,3
Following-Comments-Tweets-Like-Like-Retweet,8
Following-Comments-Tweets-Like-Like-Like,1
Following-Comments-Following-Comments-Comments-Comments,75
Following-Comments-Following-Comments-Comments-Followers,14
Following-Comments-Following-Comments-Comments-Tweets,6
Following-Comments-Following-Comments-Comments-Following,18
Following-Comments-Following-Comments-Comments-Retweet,42
Following-Comments-Following-Comments-Comments-Like,8
Following-Comments-Following-Comments-Followers,66
Following-Comments-Following-Comments-Tweets-Comments,2
Following-Comments-Following-Comments-Tweets-Followers,3
Following-Comments-Following-Comments-Tweets-Following,2
Following-Comments-Following-Comments-Tweets-Retweet,6
Following-Comments-Following-Comments-Tweets-Like,2
Following-Comments-Following-Comments-Following-Comments,59
Following-Comments-Following-Comments-Following-Followers,31
Following-Comments-Following-Comments-Following-Tweets,5
Following-Comments-Following-Comments-Following-Following,42
Following-Comments-Following-Comments-Following-Retweet,19
Following-Comments-Following-Comments-Following-Like,5
Following-Comments-Following-Comments-Retweet-Comments,15
Following-Comments-Following-Comments-Retweet-Followers,30
Following-Comments-Following-Comments-Retweet-Tweets,2
Following-Comments-Following-Comments-Retweet-Following,19
Following-Comments-Following-Comments-Retweet-Retweet,40
Following-Comments-Following-Comments-Retweet-Like,4
Following-Comments-Following-Comments-Like-Comments,5
Following-Comments-Following-Comments-Like-Followers,1
Following-Comments-Following-Comments-Like-Retweet,7
Following-Comments-Following-Followers,23
Following-Comments-Following-Tweets-Comments-Comments,11
Following-Comments-Following-Tweets-Comments-Followers,2
Following-Comments-Following-Tweets-Comments-Tweets,2
Following-Comments-Following-Tweets-Comments-Following,3
Following-Comments-Following-Tweets-Comments-Retweet,3
Following-Comments-Following-Tweets-Followers,29
Following-Comments-Following-Tweets-Tweets-Following,2
Following-Comments-Following-Tweets-Tweets-Retweet,4
Following-Comments-Following-Tweets-Following-Followers,3
Following-Comments-Following-Tweets-Following-Tweets,1
Following-Comments-Following-Tweets-Following-Following,9
Following-Comments-Following-Tweets-Retweet-Comments,4
Following-Comments-Following-Tweets-Retweet-Followers,5
Following-Comments-Following-Tweets-Retweet-Tweets,4
Following-Comments-Following-Tweets-Retweet-Following,1
Following-Comments-Following-Tweets-Retweet-Retweet,14
Following-Comments-Following-Tweets-Like-Comments,1
Following-Comments-Following-Tweets-Like-Retweet,7
Following-Comments-Following-Tweets-Like-Like,3
Following-Comments-Following-Following-Comments-Comments,22
Following-Comments-Following-Following-Comments-Followers,26
Following-Comments-Following-Following-Comments-Tweets,6
Following-Comments-Following-Following-Comments-Following,28
Following-Comments-Following-Following-Comments-Retweet,23
Following-Comments-Following-Following-Comments-Like,11
Following-Comments-Following-Following-Followers,315
Following-Comments-Following-Following-Tweets-Comments,7
Following-Comments-Following-Following-Tweets-Followers,9
Following-Comments-Following-Following-Tweets-Tweets,4
Following-Comments-Following-Following-Tweets-Following,6
Following-Comments-Following-Following-Tweets-Retweet,25
Following-Comments-Following-Following-Tweets-Like,5
Following-Comments-Following-Following-Following-Comments,63
Following-Comments-Following-Following-Following-Followers,72
Following-Comments-Following-Following-Following-Tweets,21
Following-Comments-Following-Following-Following-Following,18
Following-Comments-Following-Following-Following-Retweet,76
Following-Comments-Following-Following-Following-Like,8
Following-Comments-Following-Following-Retweet-Comments,33
Following-Comments-Following-Following-Retweet-Followers,57
Following-Comments-Following-Following-Retweet-Tweets,9
Following-Comments-Following-Following-Retweet-Following,43
Following-Comments-Following-Following-Retweet-Retweet,81
Following-Comments-Following-Following-Retweet-Like,11
Following-Comments-Following-Following-Like-Comments,15
Following-Comments-Following-Following-Like-Followers,2
Following-Comments-Following-Following-Like-Following,2
Following-Comments-Following-Following-Like-Retweet,20
Following-Comments-Following-Following-Like-Like,3
Following-Comments-Following-Retweet-Comments-Comments,43
Following-Comments-Following-Retweet-Comments-Followers,15
Following-Comments-Following-Retweet-Comments-Tweets,2
Following-Comments-Following-Retweet-Comments-Following,18
Following-Comments-Following-Retweet-Comments-Retweet,22
Following-Comments-Following-Retweet-Comments-Like,3
Following-Comments-Following-Retweet-Followers,225
Following-Comments-Following-Retweet-Tweets-Comments,3
Following-Comments-Following-Retweet-Tweets-Followers,6
Following-Comments-Following-Retweet-Tweets-Tweets,3
Following-Comments-Following-Retweet-Tweets-Following,3
Following-Comments-Following-Retweet-Tweets-Retweet,4
Following-Comments-Following-Retweet-Tweets-Like,1
Following-Comments-Following-Retweet-Following-Comments,16
Following-Comments-Following-Retweet-Following-Followers,20
Following-Comments-Following-Retweet-Following-Tweets,2
Following-Comments-Following-Retweet-Following-Following,29
Following-Comments-Following-Retweet-Following-Retweet,57
Following-Comments-Following-Retweet-Following-Like,5
Following-Comments-Following-Retweet-Retweet-Comments,29
Following-Comments-Following-Retweet-Retweet-Followers,63
Following-Comments-Following-Retweet-Retweet-Tweets,11
Following-Comments-Following-Retweet-Retweet-Following,22
Following-Comments-Following-Retweet-Retweet-Retweet,173
Following-Comments-Following-Retweet-Retweet-Like,3
Following-Comments-Following-Retweet-Like-Comments,4
Following-Comments-Following-Retweet-Like-Followers,2
Following-Comments-Following-Retweet-Like-Retweet,7
Following-Comments-Following-Retweet-Like-Like,4
Following-Comments-Following-Like-Comments-Comments,7
Following-Comments-Following-Like-Comments-Tweets,1
Following-Comments-Following-Like-Comments-Following,1
Following-Comments-Following-Like-Comments-Retweet,8
Following-Comments-Following-Like-Comments-Like,1
Following-Comments-Following-Like-Followers,3
Following-Comments-Following-Like-Following-Following,1
Following-Comments-Following-Like-Retweet-Comments,10
Following-Comments-Following-Like-Retweet-Followers,9
Following-Comments-Following-Like-Retweet-Tweets,1
Following-Comments-Following-Like-Retweet-Following,4
Following-Comments-Following-Like-Retweet-Retweet,19
Following-Comments-Following-Like-Retweet-Like,7
Following-Comments-Following-Like-Like-Comments,3
Following-Comments-Following-Like-Like-Followers,1
Following-Comments-Following-Like-Like-Following,1
Following-Comments-Following-Like-Like-Retweet,7
Following-Comments-Following-Like-Like-Like,2
Following-Comments-Retweet-Comments-Comments-Comments,15
Following-Comments-Retweet-Comments-Comments-Followers,37
Following-Comments-Retweet-Comments-Comments-Tweets,8
Following-Comments-Retweet-Comments-Comments-Following,26
Following-Comments-Retweet-Comments-Comments-Retweet,16
Following-Comments-Retweet-Comments-Comments-Like,10
Following-Comments-Retweet-Comments-Followers,113
Following-Comments-Retweet-Comments-Tweets-Comments,1
Following-Comments-Retweet-Comments-Tweets-Followers,5
Following-Comments-Retweet-Comments-Tweets-Tweets,2
Following-Comments-Retweet-Comments-Tweets-Following,3
Following-Comments-Retweet-Comments-Tweets-Retweet,8
Following-Comments-Retweet-Comments-Tweets-Like,3
Following-Comments-Retweet-Comments-Following-Comments,13
Following-Comments-Retweet-Comments-Following-Followers,8
Following-Comments-Retweet-Comments-Following-Tweets,6
Following-Comments-Retweet-Comments-Following-Following,31
Following-Comments-Retweet-Comments-Following-Retweet,33
Following-Comments-Retweet-Comments-Following-Like,1
Following-Comments-Retweet-Comments-Retweet-Comments,15
Following-Comments-Retweet-Comments-Retweet-Followers,63
Following-Comments-Retweet-Comments-Retweet-Tweets,13
Following-Comments-Retweet-Comments-Retweet-Following,34
Following-Comments-Retweet-Comments-Retweet-Retweet,15
Following-Comments-Retweet-Comments-Retweet-Like,18
Following-Comments-Retweet-Comments-Like-Comments,6
Following-Comments-Retweet-Comments-Like-Retweet,11
Following-Comments-Retweet-Comments-Like-Like,2
Following-Comments-Retweet-Followers,1488
Following-Comments-Retweet-Tweets-Comments-Comments,11
Following-Comments-Retweet-Tweets-Comments-Followers,2
Following-Comments-Retweet-Tweets-Comments-Tweets,3
Following-Comments-Retweet-Tweets-Comments-Retweet,7
Following-Comments-Retweet-Tweets-Comments-Like,1
Following-Comments-Retweet-Tweets-Followers,43
Following-Comments-Retweet-Tweets-Tweets-Comments,3
Following-Comments-Retweet-Tweets-Tweets-Followers,4
Following-Comments-Retweet-Tweets-Tweets-Tweets,2
Following-Comments-Retweet-Tweets-Tweets-Following,6
Following-Comments-Retweet-Tweets-Tweets-Retweet,5
Following-Comments-Retweet-Tweets-Tweets-Like,2
Following-Comments-Retweet-Tweets-Following-Comments,5
Following-Comments-Retweet-Tweets-Following-Tweets,4
Following-Comments-Retweet-Tweets-Following-Following,4
Following-Comments-Retweet-Tweets-Following-Retweet,5
Following-Comments-Retweet-Tweets-Following-Like,2
Following-Comments-Retweet-Tweets-Retweet-Comments,14
Following-Comments-Retweet-Tweets-Retweet-Followers,24
Following-Comments-Retweet-Tweets-Retweet-Tweets,22
Following-Comments-Retweet-Tweets-Retweet-Following,5
Following-Comments-Retweet-Tweets-Retweet-Retweet,30
Following-Comments-Retweet-Tweets-Retweet-Like,4
Following-Comments-Retweet-Tweets-Like-Comments,1
Following-Comments-Retweet-Tweets-Like-Retweet,16
Following-Comments-Retweet-Tweets-Like-Like,4
Following-Comments-Retweet-Following-Comments-Comments,33
Following-Comments-Retweet-Following-Comments-Followers,15
Following-Comments-Retweet-Following-Comments-Tweets,3
Following-Comments-Retweet-Following-Comments-Following,19
Following-Comments-Retweet-Following-Comments-Retweet,38
Following-Comments-Retweet-Following-Comments-Like,4
Following-Comments-Retweet-Following-Followers,87
Following-Comments-Retweet-Following-Tweets-Comments,4
Following-Comments-Retweet-Following-Tweets-Followers,3
Following-Comments-Retweet-Following-Tweets-Tweets,1
Following-Comments-Retweet-Following-Tweets-Following,1
Following-Comments-Retweet-Following-Tweets-Retweet,6
Following-Comments-Retweet-Following-Tweets-Like,1
Following-Comments-Retweet-Following-Following-Comments,23
Following-Comments-Retweet-Following-Following-Followers,15
Following-Comments-Retweet-Following-Following-Tweets,6
Following-Comments-Retweet-Following-Following-Following,51
Following-Comments-Retweet-Following-Following-Retweet,41
Following-Comments-Retweet-Following-Following-Like,4
Following-Comments-Retweet-Following-Retweet-Comments,14
Following-Comments-Retweet-Following-Retweet-Followers,38
Following-Comments-Retweet-Following-Retweet-Tweets,4
Following-Comments-Retweet-Following-Retweet-Following,39
Following-Comments-Retweet-Following-Retweet-Retweet,55
Following-Comments-Retweet-Following-Retweet-Like,4
Following-Comments-Retweet-Following-Like-Comments,3
Following-Comments-Retweet-Following-Like-Followers,1
Following-Comments-Retweet-Following-Like-Retweet,19
Following-Comments-Retweet-Following-Like-Like,3
Following-Comments-Retweet-Retweet-Comments-Comments,92
Following-Comments-Retweet-Retweet-Comments-Followers,34
Following-Comments-Retweet-Retweet-Comments-Tweets,6
Following-Comments-Retweet-Retweet-Comments-Following,21
Following-Comments-Retweet-Retweet-Comments-Retweet,102
Following-Comments-Retweet-Retweet-Comments-Like,6
Following-Comments-Retweet-Retweet-Followers,39
Following-Comments-Retweet-Retweet-Tweets-Comments,4
Following-Comments-Retweet-Retweet-Tweets-Followers,9
Following-Comments-Retweet-Retweet-Tweets-Tweets,8
Following-Comments-Retweet-Retweet-Tweets-Following,2
Following-Comments-Retweet-Retweet-Tweets-Retweet,22
Following-Comments-Retweet-Retweet-Tweets-Like,15
Following-Comments-Retweet-Retweet-Following-Comments,23
Following-Comments-Retweet-Retweet-Following-Followers,34
Following-Comments-Retweet-Retweet-Following-Tweets,7
Following-Comments-Retweet-Retweet-Following-Following,50
Following-Comments-Retweet-Retweet-Following-Retweet,40
Following-Comments-Retweet-Retweet-Following-Like,8
Following-Comments-Retweet-Retweet-Retweet-Comments,101
Following-Comments-Retweet-Retweet-Retweet-Followers,207
Following-Comments-Retweet-Retweet-Retweet-Tweets,21
Following-Comments-Retweet-Retweet-Retweet-Following,43
Following-Comments-Retweet-Retweet-Retweet-Retweet,642
Following-Comments-Retweet-Retweet-Retweet-Like,31
Following-Comments-Retweet-Retweet-Like-Comments,5
Following-Comments-Retweet-Retweet-Like-Followers,5
Following-Comments-Retweet-Retweet-Like-Following,1
Following-Comments-Retweet-Retweet-Like-Retweet,53
Following-Comments-Retweet-Retweet-Like-Like,16
Following-Comments-Retweet-Like-Comments-Comments,19
Following-Comments-Retweet-Like-Comments-Following,2
Following-Comments-Retweet-Like-Comments-Retweet,12
Following-Comments-Retweet-Like-Comments-Like,1
Following-Comments-Retweet-Like-Followers,14
Following-Comments-Retweet-Like-Tweets-Retweet,3
Following-Comments-Retweet-Like-Retweet-Comments,10
Following-Comments-Retweet-Like-Retweet-Followers,36
Following-Comments-Retweet-Like-Retweet-Tweets,3
Following-Comments-Retweet-Like-Retweet-Following,7
Following-Comments-Retweet-Like-Retweet-Retweet,58
Following-Comments-Retweet-Like-Retweet-Like,15
Following-Comments-Retweet-Like-Like-Comments,6
Following-Comments-Retweet-Like-Like-Followers,2
Following-Comments-Retweet-Like-Like-Following,1
Following-Comments-Retweet-Like-Like-Retweet,18
Following-Comments-Retweet-Like-Like-Like,4
Following-Comments-Like-Comments-Comments-Comments,30
Following-Comments-Like-Comments-Comments-Followers,9
Following-Comments-Like-Comments-Comments-Tweets,2
Following-Comments-Like-Comments-Comments-Following,5
Following-Comments-Like-Comments-Comments-Retweet,35
Following-Comments-Like-Comments-Followers,13
Following-Comments-Like-Comments-Tweets-Comments,2
Following-Comments-Like-Comments-Tweets-Tweets,1
Following-Comments-Like-Comments-Tweets-Retweet,2
Following-Comments-Like-Comments-Tweets-Like,1
Following-Comments-Like-Comments-Following-Comments,1
Following-Comments-Like-Comments-Following-Followers,3
Following-Comments-Like-Comments-Following-Following,3
Following-Comments-Like-Comments-Following-Retweet,3
Following-Comments-Like-Comments-Following-Like,1
Following-Comments-Like-Comments-Retweet-Comments,14
Following-Comments-Like-Comments-Retweet-Followers,7
Following-Comments-Like-Comments-Retweet-Tweets,1
Following-Comments-Like-Comments-Retweet-Following,4
Following-Comments-Like-Comments-Retweet-Retweet,18
Following-Comments-Like-Comments-Retweet-Like,2
Following-Comments-Like-Comments-Like-Comments,3
Following-Comments-Like-Comments-Like-Retweet,3
Following-Comments-Like-Comments-Like-Like,1
Following-Comments-Like-Followers,26


Retweet-Comments-Following-Tweets-Comments-Comments,23
Retweet-Comments-Following-Tweets-Comments-Followers,11
Retweet-Comments-Following-Tweets-Comments-Tweets,4
Retweet-Comments-Following-Tweets-Comments-Following,6
Retweet-Comments-Following-Tweets-Comments-Retweet,18
Retweet-Comments-Following-Tweets-Comments-Like,2
Retweet-Comments-Following-Tweets-Followers,13
Retweet-Comments-Following-Tweets-Tweets-Comments,10
Retweet-Comments-Following-Tweets-Tweets-Followers,9
Retweet-Comments-Following-Tweets-Tweets-Tweets,7
Retweet-Comments-Following-Tweets-Tweets-Following,7
Retweet-Comments-Following-Tweets-Tweets-Retweet,18
Retweet-Comments-Following-Tweets-Tweets-Like,5
Retweet-Comments-Following-Tweets-Following-Comments,6
Retweet-Comments-Following-Tweets-Following-Followers,4
Retweet-Comments-Following-Tweets-Following-Tweets,4
Retweet-Comments-Following-Tweets-Following-Following,16
Retweet-Comments-Following-Tweets-Following-Retweet,7
Retweet-Comments-Following-Tweets-Following-Like,1
Retweet-Comments-Following-Tweets-Retweet-Comments,36
Retweet-Comments-Following-Tweets-Retweet-Followers,49
Retweet-Comments-Following-Tweets-Retweet-Tweets,47
Retweet-Comments-Following-Tweets-Retweet-Following,5
Retweet-Comments-Following-Tweets-Retweet-Retweet,96
Retweet-Comments-Following-Tweets-Retweet-Like,3
Retweet-Comments-Following-Tweets-Like-Comments,17
Retweet-Comments-Following-Tweets-Like-Followers,3
Retweet-Comments-Following-Tweets-Like-Following,1
Retweet-Comments-Following-Tweets-Like-Retweet,30
Retweet-Comments-Following-Tweets-Like-Like,12
Retweet-Comments-Following-Following-Comments-Comments,19
Retweet-Comments-Following-Following-Comments-Followers,13
Retweet-Comments-Following-Following-Comments-Tweets,31
Retweet-Comments-Following-Following-Comments-Following,99
Retweet-Comments-Following-Following-Comments-Retweet,97
Retweet-Comments-Following-Following-Comments-Like,11
Retweet-Comments-Following-Following-Followers,960
Retweet-Comments-Following-Following-Tweets-Comments,42
Retweet-Comments-Following-Following-Tweets-Followers,57
Retweet-Comments-Following-Following-Tweets-Tweets,40
Retweet-Comments-Following-Following-Tweets-Following,29
Retweet-Comments-Following-Following-Tweets-Retweet,7
Retweet-Comments-Following-Following-Tweets-Like,29
Retweet-Comments-Following-Following-Following-Comments,25
Retweet-Comments-Following-Following-Following-Followers,27
Retweet-Comments-Following-Following-Following-Tweets,20
Retweet-Comments-Following-Following-Following-Following,63
Retweet-Comments-Following-Following-Following-Retweet,3
Retweet-Comments-Following-Following-Following-Like,19
Retweet-Comments-Following-Following-Retweet-Comments,28
Retweet-Comments-Following-Following-Retweet-Followers,38
Retweet-Comments-Following-Following-Retweet-Tweets,87
Retweet-Comments-Following-Following-Retweet-Following,27
Retweet-Comments-Following-Following-Retweet-Retweet,27
Retweet-Comments-Following-Following-Retweet-Like,47
Retweet-Comments-Following-Following-Like-Comments,28
Retweet-Comments-Following-Following-Like-Followers,2
Retweet-Comments-Following-Following-Like-Tweets,3
Retweet-Comments-Following-Following-Like-Following,6
Retweet-Comments-Following-Following-Like-Retweet,66
Retweet-Comments-Following-Following-Like-Like,29
Retweet-Comments-Following-Retweet-Comments-Comments,28
Retweet-Comments-Following-Retweet-Comments-Followers,80
Retweet-Comments-Following-Retweet-Comments-Tweets,20
Retweet-Comments-Following-Retweet-Comments-Following,17
Retweet-Comments-Following-Retweet-Comments-Retweet,29
Retweet-Comments-Following-Retweet-Comments-Like,13
Retweet-Comments-Following-Retweet-Followers,27

Retweet-Comments-Following-Retweet-Tweets-Comments,33
Retweet-Comments-Following-Retweet-Tweets-Followers,50
Retweet-Comments-Following-Retweet-Tweets-Tweets,25
Retweet-Comments-Following-Retweet-Tweets-Following,16
Retweet-Comments-Following-Retweet-Tweets-Retweet,13
Retweet-Comments-Following-Retweet-Tweets-Like,59
Retweet-Comments-Following-Retweet-Following-Comments,64
Retweet-Comments-Following-Retweet-Following-Followers,44
Retweet-Comments-Following-Retweet-Following-Tweets,13
Retweet-Comments-Following-Retweet-Following-Following,82
Retweet-Comments-Following-Retweet-Following-Retweet,22
Retweet-Comments-Following-Retweet-Following-Like,11
Retweet-Comments-Following-Retweet-Retweet-Comments,17
Retweet-Comments-Following-Retweet-Retweet-Followers,32
Retweet-Comments-Following-Retweet-Retweet-Tweets,17
Retweet-Comments-Following-Retweet-Retweet-Following,15
Retweet-Comments-Following-Retweet-Retweet-Retweet,28
Retweet-Comments-Following-Retweet-Retweet-Like,15
Retweet-Comments-Following-Retweet-Like-Comments,32
Retweet-Comments-Following-Retweet-Like-Followers,8
Retweet-Comments-Following-Retweet-Like-Tweets,1
Retweet-Comments-Following-Retweet-Like-Following,1
Retweet-Comments-Following-Retweet-Like-Retweet,20
Retweet-Comments-Following-Retweet-Like-Like,36
Retweet-Comments-Following-Like-Comments-Comments,36
Retweet-Comments-Following-Like-Comments-Followers,8
Retweet-Comments-Following-Like-Comments-Tweets,2
Retweet-Comments-Following-Like-Comments-Following,7
Retweet-Comments-Following-Like-Comments-Retweet,30
Retweet-Comments-Following-Like-Comments-Like,2
Retweet-Comments-Following-Like-Followers,15
Retweet-Comments-Following-Like-Tweets-Comments,1
Retweet-Comments-Following-Like-Tweets-Followers,1
Retweet-Comments-Following-Like-Tweets-Retweet,1
Retweet-Comments-Following-Like-Tweets-Like,1
Retweet-Comments-Following-Like-Following-Comments,1
Retweet-Comments-Following-Like-Following-Retweet,2
Retweet-Comments-Following-Like-Retweet-Comments,16
Retweet-Comments-Following-Like-Retweet-Followers,39
Retweet-Comments-Following-Like-Retweet-Tweets,4
Retweet-Comments-Following-Like-Retweet-Following,5
Retweet-Comments-Following-Like-Retweet-Retweet,15
Retweet-Comments-Following-Like-Retweet-Like,46
Retweet-Comments-Following-Like-Like-Comments,7
Retweet-Comments-Following-Like-Like-Followers,5
Retweet-Comments-Following-Like-Like-Tweets,2
Retweet-Comments-Following-Like-Like-Retweet,34
Retweet-Comments-Following-Like-Like-Like,18
Retweet-Comments-Retweet-Comments-Comments-Comments,29
Retweet-Comments-Retweet-Comments-Comments-Followers,10
Retweet-Comments-Retweet-Comments-Comments-Tweets,32
Retweet-Comments-Retweet-Comments-Comments-Following,23
Retweet-Comments-Retweet-Comments-Comments-Retweet,42
Retweet-Comments-Retweet-Comments-Comments-Like,21
Retweet-Comments-Retweet-Comments-Followers,33
Retweet-Comments-Retweet-Comments-Tweets-Comments,24
Retweet-Comments-Retweet-Comments-Tweets-Followers,20
Retweet-Comments-Retweet-Comments-Tweets-Tweets,84
Retweet-Comments-Retweet-Comments-Tweets-Following,26
Retweet-Comments-Retweet-Comments-Tweets-Retweet,5
Retweet-Comments-Retweet-Comments-Tweets-Like,13
Retweet-Comments-Retweet-Comments-Following-Comments,76
Retweet-Comments-Retweet-Comments-Following-Followers,67
Retweet-Comments-Retweet-Comments-Following-Tweets,29
Retweet-Comments-Retweet-Comments-Following-Following,24
Retweet-Comments-Retweet-Comments-Following-Retweet,34
Retweet-Comments-Retweet-Comments-Following-Like,11
Retweet-Comments-Retweet-Comments-Retweet-Comments,51
Retweet-Comments-Retweet-Comments-Retweet-Followers,41
Retweet-Comments-Retweet-Comments-Retweet-Tweets,7
Retweet-Comments-Retweet-Comments-Retweet-Following,25
Retweet-Comments-Retweet-Comments-Retweet-Retweet,26
Retweet-Comments-Retweet-Comments-Retweet-Like,8
Retweet-Comments-Retweet-Comments-Like-Comments,20
Retweet-Comments-Retweet-Comments-Like-Followers,35
Retweet-Comments-Retweet-Comments-Like-Tweets,9
Retweet-Comments-Retweet-Comments-Like-Following,2
Retweet-Comments-Retweet-Comments-Like-Retweet,36
Retweet-Comments-Retweet-Comments-Like-Like,13
Retweet-Comments-Retweet-Followers,54

Retweet-Retweet-Retweet-Like-Tweets-Comments,43
Retweet-Retweet-Retweet-Like-Tweets-Followers,18
Retweet-Retweet-Retweet-Like-Tweets-Tweets,15
Retweet-Retweet-Retweet-Like-Tweets-Following,26
Retweet-Retweet-Retweet-Like-Tweets-Retweet,37
Retweet-Retweet-Retweet-Like-Tweets-Like,37
Retweet-Retweet-Retweet-Like-Following-Comments,5
Retweet-Retweet-Retweet-Like-Following-Followers,21
Retweet-Retweet-Retweet-Like-Following-Tweets,8
Retweet-Retweet-Retweet-Like-Following-Following,66
Retweet-Retweet-Retweet-Like-Following-Retweet,29
Retweet-Retweet-Retweet-Like-Following-Like,16
Retweet-Retweet-Retweet-Like-Retweet-Comments,26
Retweet-Retweet-Retweet-Like-Retweet-Followers,23
Retweet-Retweet-Retweet-Like-Retweet-Tweets,35
Retweet-Retweet-Retweet-Like-Retweet-Following,47
Retweet-Retweet-Retweet-Like-Retweet-Retweet,68
Retweet-Retweet-Retweet-Like-Retweet-Like,21
Retweet-Retweet-Retweet-Like-Like-Comments,64
Retweet-Retweet-Retweet-Like-Like-Followers,10
Retweet-Retweet-Retweet-Like-Like-Tweets,19
Retweet-Retweet-Retweet-Like-Like-Following,56
Retweet-Retweet-Retweet-Like-Like-Retweet,15
Retweet-Retweet-Retweet-Like-Like-Like,54
Retweet-Retweet-Like-Comments-Comments-Comments,11
Retweet-Retweet-Like-Comments-Comments-Followers,31
Retweet-Retweet-Like-Comments-Comments-Tweets,11
Retweet-Retweet-Like-Comments-Comments-Following,81
Retweet-Retweet-Like-Comments-Comments-Retweet,29
Retweet-Retweet-Like-Comments-Comments-Like,28
Retweet-Retweet-Like-Comments-Followers,8
Retweet-Retweet-Like-Comments-Tweets-Comments,20
Retweet-Retweet-Like-Comments-Tweets-Followers,43
Retweet-Retweet-Like-Comments-Tweets-Tweets,22
Retweet-Retweet-Like-Comments-Tweets-Following,4
Retweet-Retweet-Like-Comments-Tweets-Retweet,89
Retweet-Retweet-Like-Comments-Tweets-Like,53
Retweet-Retweet-Like-Comments-Following-Comments,26
Retweet-Retweet-Like-Comments-Following-Followers,27
Retweet-Retweet-Like-Comments-Following-Tweets,2
Retweet-Retweet-Like-Comments-Following-Following,38
Retweet-Retweet-Like-Comments-Following-Retweet,23
Retweet-Retweet-Like-Comments-Following-Like,13
Retweet-Retweet-Like-Comments-Retweet-Comments,70
Retweet-Retweet-Like-Comments-Retweet-Followers,11
Retweet-Retweet-Like-Comments-Retweet-Tweets,43
Retweet-Retweet-Like-Comments-Retweet-Following,54
Retweet-Retweet-Like-Comments-Retweet-Retweet,29
Retweet-Retweet-Like-Comments-Retweet-Like,42
Retweet-Retweet-Like-Comments-Like-Comments,22
Retweet-Retweet-Like-Comments-Like-Followers,29
Retweet-Retweet-Like-Comments-Like-Tweets,5
Retweet-Retweet-Like-Comments-Like-Retweet,31
Retweet-Retweet-Like-Comments-Like-Like,12
Retweet-Retweet-Like-Followers,31


prod